StrainName,Description,IdealWaterMin,IdealWaterMax,IdealNutMin,IdealNutMax,MoldChance,PestChance,GrowthPerDay,Ripeness,HarvestWindowStart,HarvestWindowEnd,OverripeThreshold,SeedCost,5pkCost,20pkCost,PayoutMultiplier,GeneticsScore,ShinyChance
24k Gold,,61,68,62,94,0.925,0.444,14,16,99,116,124,163,266,4138,1.590,212,0.0357
3 Kings,,20,59,68,81,0.665,0.598,21,26,80,92,184,25,169,692,0.281,42,0.1392
303 OG,,47,58,43,85,0.463,0.882,19,8,121,139,173,40,245,3661,1.979,183,0.0839
3rd Coast Gold,,44,74,55,85,0.291,0.017,2,18,124,131,196,222,91,2973,1.628,112,0.1080
401K,,68,77,37,79,0.733,0.383,19,15,108,104,118,73,488,3568,0.544,100,0.1487
4K Ultra,,24,75,64,69,0.585,0.011,12,18,83,132,153,229,405,4646,0.624,21,0.1672
501st OG,,22,54,56,72,0.291,0.04,21,4,125,121,150,165,242,1135,0.682,219,0.0356
707 Headband,,51,85,58,57,0.104,0.051,18,11,97,112,119,179,422,4839,1.956,242,0.0595
805 OG,,59,94,41,71,0.714,0.493,17,20,110,144,193,88,313,732,0.929,126,0.1537
91 Chemdawg,,67,85,25,53,0.957,0.37,15,23,117,123,146,192,277,927,1.295,204,0.1136
A-10,,64,75,42,71,0.307,0.066,25,13,129,105,105,122,89,1497,0.855,125,0.0995
Abusive OG,,41,86,42,78,0.5,0.966,9,26,111,129,112,126,299,1168,1.501,153,0.0827
Acapulco Gold,,60,61,38,72,0.962,0.768,3,5,102,147,108,219,493,2310,0.435,53,0.1474
Ace of Spades,,62,92,20,59,0.666,0.925,29,28,124,133,110,133,235,2203,1.752,176,0.0656
Acid,,51,89,64,92,0.132,0.707,27,9,112,99,125,134,342,665,1.452,98,0.1561
Ad-Blocker,,38,64,46,53,0.661,0.955,18,22,97,150,181,215,182,3587,1.880,28,0.0193
Adonai OG,,24,79,61,87,0.424,0.154,14,20,85,97,179,91,247,2821,0.050,29,0.0724
Afghani,,51,71,35,83,0.629,0.613,2,26,82,114,194,149,89,2779,0.224,221,0.1706
Agent Orange,,39,76,33,66,0.044,0.351,3,8,118,143,100,106,415,831,1.572,77,0.0887
Aghori,,22,56,70,74,0.215,0.038,1,8,128,97,182,53,410,3026,0.626,67,0.0542
AK-47,,24,93,65,54,0.908,0.281,8,5,83,123,184,15,119,3849,0.534,65,0.1542
Alaskan Thunder Fuck,,65,85,70,87,0.384,0.038,26,10,100,121,136,94,404,4980,0.767,202,0.0385
Algorithm Aleph,,37,93,53,85,0.946,0.998,21,17,115,109,144,209,155,1885,1.417,4,0.1636
Alien Dawg,,58,77,37,93,0.812,0.64,13,28,101,139,122,238,27,4487,1.458,187,0.1547
Alien Kush,,63,55,57,59,0.15,0.943,26,15,121,98,195,33,368,2936,1.404,249,0.1727
Alien OG,,39,53,63,63,0.29,0.186,12,19,103,119,143,154,112,4788,1.210,178,0.1053
Alien Rock Candy,,40,52,37,86,0.31,0.062,19,5,113,114,132,26,214,2635,1.297,94,0.0864
Allen Wrench,,24,50,28,60,0.644,0.007,11,29,95,141,172,146,165,1067,1.088,118,0.0171
Alpha Blue,,50,59,62,57,0.418,0.08,8,7,95,141,165,26,258,3446,0.633,135,0.0880
Alpha OG,,20,65,22,89,0.995,0.191,13,2,105,90,122,111,230,3184,0.570,29,0.0257
Amazing 45,,46,53,24,70,0.256,0.524,27,23,98,109,126,229,416,1267,0.101,123,0.1141
Ambrosia,,55,63,51,87,0.563,0.846,14,5,82,98,182,221,112,4673,1.492,146,0.0791
Americano,,66,86,50,59,0.118,0.525,18,11,116,124,181,32,252,597,1.225,64,0.0656
Amnesia Haze,,46,79,34,78,0.546,0.205,16,4,92,113,115,44,347,4173,0.187,65,0.1784
Android’s Dream,,69,80,29,89,0.979,0.016,9,9,119,111,148,84,97,4750,0.045,91,0.1550
Anesthesia,,42,70,59,59,0.832,0.611,24,26,81,143,191,234,430,4658,1.710,134,0.0658
Animal Cookies,,68,59,31,58,0.303,0.385,25,29,105,119,127,11,196,3075,0.335,27,0.0493
Animal Face,,51,60,33,95,0.873,0.793,17,6,93,124,129,229,314,1541,1.728,103,0.0096
Animal Mints,,67,55,29,66,0.096,0.694,2,10,119,145,167,1,451,4758,1.059,240,0.0461
Anubis,,35,93,23,69,0.69,0.389,19,16,114,95,138,227,107,1023,1.421,172,0.0294
Aphrodite,,43,95,43,53,0.098,0.3,2,8,112,121,183,14,140,3212,1.345,82,0.0783
Apollo 13,,53,86,66,74,0.33,0.872,26,29,100,110,167,231,195,1892,1.761,17,0.0660
Apple Fritter,,33,82,42,69,0.234,0.181,10,30,101,123,187,119,139,2147,0.070,54,0.1960
Apple Jack,,44,52,35,68,0.823,0.984,5,13,103,133,147,83,298,1363,0.453,196,0.0428
Apple Kush,,24,58,23,75,0.031,0.254,16,4,114,125,112,178,177,4066,0.816,43,0.0778
Apples and Bananas,,36,71,39,76,0.377,0.432,26,11,109,139,184,70,250,4711,0.580,27,0.0781
Arctic Sun,,54,88,37,65,0.997,0.856,15,10,84,142,147,174,338,3513,0.081,17,0.1603
Area 41,,50,86,46,82,0.549,0.611,2,23,98,143,133,162,33,2211,0.129,186,0.1450
Arjan's Haze,,54,72,54,50,0.867,0.011,28,21,106,128,116,86,430,2163,0.792,48,0.1787
Armageddon,,47,76,60,65,0.933,0.427,9,12,84,130,156,46,264,4233,1.254,130,0.1656
Assetto Corsa,,67,66,34,57,0.125,0.945,11,7,124,133,181,99,371,4587,1.674,180,0.1762
Astronaut Ice Cream,,47,62,50,53,0.706,0.024,23,20,114,91,175,112,88,2454,0.542,52,0.0546
Atomic Northern Lights,,59,86,64,56,0.323,0.854,16,20,129,113,196,207,213,3214,1.569,240,0.0357
A-Train,,20,94,41,75,0.886,0.008,9,10,117,125,138,114,486,4254,1.087,207,0.1563
Augmented Reality,,51,69,22,81,0.814,0.363,28,17,117,132,139,221,155,2745,1.246,135,0.0565
Aurora Borealis,,68,95,33,79,0.632,0.568,6,14,115,99,176,216,35,2939,1.913,191,0.1456
Ayahuasca Purple,,28,57,44,83,0.276,0.058,30,21,113,126,183,183,173,4772,1.353,144,0.0505
B-45,,21,63,22,63,0.254,0.102,5,9,97,111,163,91,360,1946,1.054,149,0.1733
Badazz OG,,48,89,62,82,0.114,0.767,3,11,100,119,111,136,292,1540,0.521,114,0.1931
Baklava,,53,52,22,60,0.457,0.872,2,14,102,124,134,204,226,4285,1.375,51,0.1212
Baller Blend,,25,60,64,66,0.747,0.986,7,27,129,102,123,107,438,4770,0.079,239,0.0434
Banana Bread,,23,94,57,66,0.662,0.609,6,25,128,93,132,77,71,2962,1.339,214,0.1441
Banana Cream,,26,74,22,50,0.254,0.691,12,28,86,134,157,20,260,2230,0.080,201,0.0679
Banana Kush,,53,86,24,51,0.481,0.196,26,27,96,99,169,226,425,4612,0.144,87,0.0210
Banana OG,,33,88,21,73,0.523,0.455,3,23,105,114,100,193,251,862,1.765,94,0.1714
Banana Punch,,48,78,43,90,0.529,0.297,8,26,114,127,144,25,493,1450,0.469,221,0.0230
Banana Split,,64,80,63,51,0.594,0.438,23,7,124,95,118,141,115,2775,0.354,107,0.0438
Bandana,,22,84,51,86,0.659,0.453,30,7,90,131,134,33,90,3134,0.864,149,0.1600
Barney’s Farm,,43,75,58,92,0.84,0.826,3,25,105,93,152,29,143,2584,0.015,83,0.0404
Batgirl,,49,92,34,58,0.079,0.102,12,19,94,126,102,51,323,4554,0.364,165,0.1495
Bay 11,,34,54,44,73,0.991,0.591,9,7,129,138,174,7,469,1946,0.411,235,0.0849
Bazooka Joe,,68,69,20,64,0.476,0.949,25,11,97,148,192,122,380,580,0.717,209,0.1487
Beach Cake,,51,55,49,65,0.747,0.488,25,24,103,125,114,26,87,2443,0.994,19,0.1313
Beast Mode,,27,55,37,63,0.933,0.31,26,17,89,111,136,29,258,1221,1.752,22,0.0933
Bedrock,,51,65,31,56,0.404,0.302,7,18,84,115,124,118,242,2011,0.329,137,0.0536
Belladonna,,31,91,40,71,0.782,0.579,4,8,115,94,143,77,478,3327,1.258,187,0.0345
Bentley OG,,70,77,60,74,0.251,0.842,25,3,81,117,188,247,152,613,0.914,180,0.1064
Bermuda Triangle,,59,76,40,50,0.987,0.353,29,3,103,148,196,37,437,1458,1.896,171,0.1711
Berry White,,59,62,69,89,0.181,0.199,15,21,81,101,195,235,430,4878,1.094,162,0.0033
Bertberry Cheesecake,,35,87,29,78,0.94,0.03,20,15,120,117,147,162,39,3600,1.864,114,0.1362
Biddy Early,,57,87,26,75,0.398,0.943,8,28,124,105,189,23,478,3217,0.434,242,0.1035
Big Bud,,26,65,36,87,0.589,0.154,8,5,124,127,164,219,36,3578,0.348,206,0.0211
Big Devil,,57,66,59,88,0.537,0.207,2,16,116,130,198,166,298,3214,1.959,53,0.0540
Big Foot,,36,61,47,95,0.627,0.627,17,5,96,103,196,6,422,1964,0.967,62,0.0396
Big Holy,,36,68,28,53,0.463,0.261,20,14,126,136,189,145,446,2175,0.061,165,0.0609
Big Sur Holy Weed,,54,75,28,87,0.305,0.249,24,27,125,116,173,157,363,2916,1.402,199,0.1553
Big Wreck,,34,70,32,66,0.581,0.268,8,26,98,126,147,57,280,4247,1.406,81,0.1075
Billy Kimber OG,,32,95,29,74,0.618,0.599,16,14,85,126,113,100,127,2220,1.264,11,0.0785
Binary Berry,,40,90,68,79,0.023,0.382,17,30,83,132,134,101,220,4541,1.437,144,0.1476
Bio-Hack,,70,66,44,74,0.349,0.465,6,28,106,126,180,231,245,1597,0.185,179,0.0726
Birthday Cake,,49,95,67,84,0.443,0.431,25,21,118,103,178,196,345,679,0.662,229,0.1204
Biscotti,,54,80,28,92,0.12,0.959,9,20,99,113,148,189,437,2039,0.892,25,0.1735
Bitch Fuel,,52,79,30,59,0.416,0.404,24,5,103,140,151,199,426,999,1.093,77,0.0876
BitConnect Blue,,23,55,65,95,0.775,0.183,24,20,111,133,133,3,492,1197,1.738,26,0.0163
Black 84,,45,77,27,56,0.938,0.808,27,2,107,145,177,38,231,3948,1.677,228,0.0817
Black Cherry Gelato,,31,66,44,57,0.303,0.494,25,12,106,139,192,123,338,1451,0.963,69,0.0561
Black Cherry Punch,,62,61,35,82,0.295,0.321,9,16,109,137,149,14,351,504,1.994,92,0.0883
Black Cherry Soda,,46,68,46,91,0.147,0.154,29,11,114,114,110,140,237,2922,1.390,208,0.0455
Black Diamond,,66,72,24,72,0.841,0.393,7,3,112,128,124,6,215,1411,0.528,79,0.0733
Black Domina,,67,56,66,68,0.817,0.944,14,11,110,95,139,226,121,3847,1.107,164,0.0527
Black Garlic,,53,73,66,63,0.186,0.458,1,23,116,120,178,214,404,3502,1.143,63,0.0069
Black Jack,,41,67,59,85,0.688,0.518,8,17,89,125,128,133,298,3435,1.656,114,0.1340
Black Lime Reserve,,29,51,54,89,0.935,0.702,26,30,114,149,154,89,173,4619,0.297,44,0.0175
Black Mamba,,55,75,58,71,0.317,0.248,24,7,104,110,192,196,346,2123,0.088,195,0.0705
Black Velvet,,56,56,68,72,0.757,0.899,23,11,94,110,112,68,318,4339,0.296,233,0.0585
Blackberry Fire,,56,67,34,88,0.628,0.37,28,26,100,110,111,58,159,4412,0.216,209,0.0885
Blackberry Hammer,,56,75,39,89,0.345,0.394,30,27,114,124,184,164,249,4109,0.702,74,0.0205
Blackberry Kush,,45,53,54,90,0.603,0.556,20,14,83,115,103,114,55,2676,1.109,199,0.1010
Blackberry Platinum,,64,52,26,72,0.522,0.637,18,8,125,142,153,38,401,2674,1.982,166,0.1682
Blackberry Rush,,67,92,53,79,0.078,0.154,8,9,97,138,184,132,168,1333,0.696,119,0.1872
Blockchain Blue,,25,83,35,73,0.501,0.505,14,23,84,110,166,53,469,1439,0.527,104,0.0588
Blue Afro,,56,51,35,64,0.496,0.321,16,16,123,102,131,42,121,4704,1.578,210,0.0104
Blue Alien,,64,63,46,75,0.384,0.077,3,29,105,149,100,184,465,3908,1.023,133,0.1183
Blue Bayou,,54,52,69,84,0.173,0.328,12,8,116,138,155,116,228,3964,1.864,74,0.0369
Blue Blood,,66,92,65,68,0.788,0.343,8,13,124,104,189,125,311,1577,1.277,233,0.1581
Blue Cheese,,58,64,48,84,0.245,0.428,22,27,91,95,197,201,146,4708,1.976,70,0.0474
Blue Diamond,,63,50,55,68,0.258,0.501,3,18,126,131,175,67,307,866,0.546,35,0.1415
Blue Dragon,,27,85,44,71,0.732,0.766,27,20,118,145,121,149,206,4710,1.018,102,0.0747
Blue Dream,,21,88,63,53,0.213,0.737,7,11,127,150,136,232,434,3753,1.644,29,0.0176
Blue Dynamite,,39,86,47,78,0.322,0.43,26,1,85,102,145,195,489,747,1.776,201,0.0078
Blue Frost,,68,55,58,76,0.584,0.108,28,26,116,147,190,170,168,1941,1.916,231,0.0564
Blue Haze,,52,85,54,68,0.059,0.367,22,10,121,111,163,156,255,1425,0.632,17,0.1482
Blue Knight,,33,71,63,87,0.582,0.395,23,11,109,143,141,65,184,2461,1.706,22,0.1283
Blue Magoo,,20,50,43,74,0.3,0.352,4,3,81,147,160,108,114,2237,1.479,9,0.0610
Blue Monster,,64,55,63,94,0.752,0.094,2,16,82,116,192,120,185,3279,0.473,138,0.1380
Blue Moonshine,,36,59,33,81,0.943,0.31,6,21,95,150,193,234,274,4338,0.253,182,0.0741
Blue Ox,,51,91,20,73,0.057,0.233,25,6,120,144,191,16,65,4326,1.871,92,0.1155
Blue Power,,42,67,38,67,0.61,0.842,18,4,110,132,178,38,444,2123,1.571,29,0.1188
Blue Satellite,,48,62,56,75,0.694,0.847,12,20,104,137,191,235,250,800,0.562,62,0.1301
Blue Screen of Death,,41,51,24,77,0.34,0.684,29,8,114,102,122,155,467,3853,1.627,195,0.0238
Blue Steel,,55,85,36,93,0.746,0.987,27,8,128,115,126,248,55,3475,0.574,73,0.1073
Blue Velvet,,36,84,33,59,0.483,0.158,22,26,116,118,174,67,83,1163,1.937,74,0.1440
Blue Venom,,31,85,31,90,0.373,0.075,1,25,82,125,119,65,377,3281,1.845,165,0.1020
Blue Walker,,50,62,24,85,0.859,0.904,6,14,106,116,152,61,355,915,0.299,15,0.1277
Blue Wonder,,60,86,59,87,0.95,0.207,13,19,113,120,130,5,359,1709,1.959,185,0.1740
Blueberry,,33,84,67,72,0.897,0.944,25,24,96,128,194,38,164,3574,0.178,169,0.0006
Blueberry Diesel,,29,78,26,88,0.768,0.129,25,8,106,130,118,195,73,4397,0.061,234,0.0461
Blueberry Headband,,24,64,58,56,0.444,0.052,26,1,115,123,107,39,134,1839,0.400,216,0.0493
Blueberry Kush,,25,83,38,52,0.849,0.82,18,23,95,134,131,194,322,1664,1.304,38,0.0239
Blueberry Muffins,,58,63,21,52,0.28,0.61,8,9,99,132,163,230,345,3280,1.484,192,0.1100
Blueberry Silvertip,,58,88,41,78,0.589,0.749,3,15,130,103,122,56,487,884,0.049,51,0.0041
Blueberry Space Cake,,48,70,41,88,0.764,0.524,12,7,93,113,129,159,467,1384,1.314,225,0.1350
Blueberry Trainwreck,,20,90,31,55,0.498,0.999,17,26,129,98,124,85,106,964,1.285,122,0.1501
Boaty McBoatface Kush,,20,55,65,74,0.553,0.964,6,9,90,103,168,168,412,720,1.459,86,0.0696
Bob Marley,,22,92,51,66,0.061,0.281,1,3,85,106,168,80,417,944,1.643,107,0.1911
BOG Kush,,44,89,35,76,0.121,0.002,23,14,117,131,148,129,365,2004,1.540,95,0.1362
Bolo Runtz,,38,83,53,82,0.357,0.068,21,28,83,104,151,60,188,738,0.247,170,0.0371
Bomb Threat,,56,80,57,55,0.324,0.867,9,9,121,141,125,155,427,2676,1.444,77,0.1839
Bombshell,,69,80,35,53,0.691,0.493,30,5,103,135,118,89,261,3256,0.943,19,0.1233
Bonkers,,32,52,58,51,0.572,0.576,3,18,121,97,134,102,183,1459,0.500,160,0.1386
Bootylicious,,21,74,26,57,0.788,0.325,24,4,105,93,157,113,193,4342,1.391,244,0.1506
Bora Bora,,28,95,29,90,0.817,0.052,30,15,120,95,147,248,500,2848,1.550,94,0.0910
Brain Damage,,45,77,64,60,0.981,0.905,9,9,107,120,181,11,336,3806,1.285,205,0.1041
Brainstorm,,36,83,51,79,0.995,0.896,28,1,96,99,128,1,194,1814,0.233,20,0.1627
Brakelights,,40,53,54,52,0.659,0.619,24,22,85,91,167,228,374,2217,1.639,246,0.1002
Bright Moments,,37,67,51,84,0.103,0.904,10,1,118,132,124,218,458,2173,1.479,141,0.0923
British Columbia,,44,64,44,84,0.327,0.362,2,5,127,109,108,102,304,3143,1.189,136,0.0376
Brooklyn Mango,,58,85,62,75,0.216,0.589,26,22,126,127,200,66,34,2044,1.161,51,0.0931
Brother's Grimm,,47,69,45,76,0.376,0.676,11,5,126,132,167,68,191,2697,1.999,232,0.1041
Browser History,,56,54,55,71,0.267,0.929,25,4,98,109,134,175,85,3726,1.400,49,0.0868
Bruce Banner,,44,93,65,87,0.068,0.452,23,18,85,118,174,183,420,4568,0.678,234,0.0342
Bruce Banner #3,,55,76,43,90,0.721,0.128,29,14,86,123,110,42,124,1152,1.560,66,0.1495
Bubba Berry,,32,81,23,87,0.665,0.906,22,22,129,121,195,14,459,1134,0.864,134,0.1866
Bubba Diagonal,,62,85,24,76,0.783,0.14,30,2,93,91,151,75,374,2382,0.155,207,0.1996
Bubba Fett,,33,87,24,79,0.028,0.795,1,15,97,136,136,86,413,1792,0.687,97,0.0104
Bubba Kush,,48,72,37,89,0.832,0.143,10,18,130,119,197,244,449,814,1.697,125,0.1908
Bubba’s Gift,,61,85,48,63,0.129,0.71,12,23,84,112,125,243,169,3946,0.750,235,0.0457
Bubble Bomb,,47,90,21,85,0.006,0.477,23,21,126,129,107,111,124,3916,0.595,64,0.0357
Bubble Funk,,32,59,58,77,0.825,0.384,11,22,87,137,196,226,336,1463,0.778,113,0.0321
Bubble Gum,,26,84,22,51,0.317,0.19,23,2,94,126,118,3,388,2508,1.717,220,0.1410
Bubble Sky,,26,89,56,61,0.701,0.152,8,3,127,110,162,24,388,4235,0.631,115,0.0410
Bubblelicious,,52,63,20,86,0.537,0.788,8,14,92,105,157,75,403,4481,1.245,117,0.1312
Buddha’s Sister,,32,56,51,66,0.546,0.773,6,13,92,99,164,18,141,820,0.945,61,0.1503
Buffering...,,24,66,40,81,0.449,0.122,13,24,85,116,108,1,218,749,1.422,71,0.1790
Bulletproof,,49,82,44,64,0.393,0.311,17,11,94,118,103,61,383,4608,0.841,195,0.1365
Burkle,,57,55,39,91,0.106,0.721,4,17,128,99,145,73,171,4896,1.433,5,0.0813
Burmese Kush,,58,80,25,55,0.291,0.964,19,23,116,111,112,99,183,686,1.276,82,0.0595
Burning Bush,,20,63,49,67,0.186,0.713,3,2,108,110,190,51,295,3636,1.815,196,0.1038
Butter OG,,45,68,46,89,0.787,0.045,4,11,80,122,104,107,496,3380,1.575,4,0.1318
Butterscotch,,57,59,50,54,0.815,0.836,21,13,88,114,174,209,68,1843,1.448,134,0.1847
Buzz's 714,,49,72,69,72,0.917,0.19,28,11,82,100,177,247,242,658,1.139,168,0.0301
Cactus,,52,69,20,77,0.251,0.042,10,30,113,95,147,59,148,2402,1.129,208,0.1303
Cactus Cooler,,65,84,36,61,0.953,0.454,18,28,126,128,129,22,350,3119,1.665,110,0.1473
Cadillac Purple,,65,59,28,58,0.807,0.989,3,28,85,94,177,191,393,2292,1.146,205,0.1431
Cake Batter,,27,61,63,60,0.196,0.367,10,22,97,123,152,160,217,899,0.485,82,0.1671
Cake Boss,,46,52,29,78,0.943,0.961,13,28,114,127,136,55,70,2333,0.109,119,0.1347
Cali Connection,,35,80,49,61,0.912,0.377,25,21,92,139,106,35,318,4023,0.989,237,0.0629
Cali Sour,,27,54,34,86,0.724,0.274,12,23,114,100,130,125,44,2654,0.685,206,0.1444
California Orange,,37,78,69,85,0.683,0.449,27,8,101,146,147,150,451,808,1.699,41,0.1290
Candyland,,68,73,54,50,0.403,0.781,2,28,112,143,138,59,58,4556,0.477,6,0.0524
Cannalope Haze,,54,81,55,92,0.84,0.15,8,8,119,136,166,149,172,4283,0.095,134,0.0114
Cannatonic,,38,92,43,64,0.585,0.437,16,1,117,113,118,47,242,630,1.919,71,0.0255
Canna-wreek,,66,75,36,59,0.363,0.393,4,12,104,113,155,156,58,4919,1.478,101,0.1191
Canyons,,49,68,66,68,0.508,0.116,10,27,103,135,121,38,444,2333,1.860,124,0.1135
Caramelo,,54,89,59,88,0.193,0.661,12,26,113,138,131,42,322,3640,1.731,105,0.1631
Carbon Fiber Cookies,,27,71,58,87,0.59,0.835,22,19,109,119,148,7,451,3548,0.278,167,0.1388
Casey Jones,,56,55,68,79,0.357,0.382,19,15,100,137,128,153,34,1389,1.302,25,0.1169
Casper OG,,41,72,25,79,0.608,0.091,2,18,114,130,108,180,44,998,1.951,79,0.0768
Cat Piss,,41,93,60,87,0.329,0.409,22,14,91,96,110,186,481,874,0.785,101,0.0491
Cataract,,63,58,51,78,0.532,0.185,6,13,125,124,190,11,53,4980,1.222,20,0.0604
Cataract Kush,,63,85,38,59,0.656,0.957,30,2,90,129,188,46,69,2780,0.002,40,0.0620
Cathedral OG,,53,86,30,72,0.619,0.161,20,3,130,115,128,36,472,1928,0.883,231,0.0696
Cereal A la Mode,,34,51,49,71,0.779,0.822,25,17,85,146,167,141,409,772,1.681,34,0.0830
Cereal Milk,,34,69,33,63,0.334,0.516,7,21,97,117,107,131,394,2068,1.136,116,0.0340
Chad’s Choice,,68,85,69,78,0.929,0.791,30,22,94,128,122,4,424,2301,0.686,81,0.0794
Champagne Kush,,29,82,33,92,0.738,0.998,28,5,104,119,144,117,434,3480,1.686,175,0.1002
Channel+,,21,78,66,78,0.063,0.149,29,30,120,142,155,234,232,4789,1.963,18,0.1238
Charlie Sheen,,26,86,36,93,0.526,0.916,3,7,102,135,127,98,209,1874,0.942,42,0.1957
Cheese,,46,62,50,66,0.061,0.921,6,12,84,109,102,220,142,4018,0.781,142,0.0771
Cheese Quake,,40,82,67,69,0.06,0.396,18,5,88,107,131,167,371,3276,1.044,221,0.1726
Cheetah Piss,,55,71,44,75,0.934,0.137,12,28,125,107,143,229,29,3889,1.354,52,0.1908
Chem 4,,47,58,42,85,0.854,0.875,28,3,90,122,125,153,403,2065,1.877,43,0.1328
Chem Dog,,30,77,25,72,0.187,0.679,30,27,111,98,160,96,329,4197,1.721,107,0.1032
Chem’s Sister,,34,75,38,51,0.806,0.735,4,18,114,114,171,226,318,3287,1.490,45,0.1587
Chemdawg,,34,51,44,70,0.694,0.261,25,19,105,137,162,55,317,1743,0.183,56,0.1705
Chemdawg 91,,38,92,53,79,0.033,0.603,8,23,113,107,136,59,232,4322,0.276,122,0.0410
Chemdawg Sour Diesel,,55,86,54,74,0.647,0.086,28,26,101,123,110,39,472,4735,1.516,237,0.1372
Chernobyl,,30,82,58,64,0.833,0.605,12,7,120,106,187,132,26,1147,0.295,180,0.0070
Cherp,,28,51,47,79,0.945,0.49,27,20,123,107,114,56,44,663,0.730,87,0.1822
Cherry Ak-47,,68,56,28,76,0.779,0.005,14,1,81,112,128,219,380,2166,0.864,170,0.1895
Cherry Bomb,,37,70,38,81,0.958,0.316,9,27,83,96,165,117,184,3632,1.795,98,0.0584
Cherry Diesel,,35,88,46,60,0.548,0.202,5,20,91,125,142,16,30,1345,1.511,89,0.0632
Cherry Gorilla,,51,77,55,93,0.11,0.716,23,30,110,136,188,178,64,1848,1.429,237,0.1351
Cherry Kush,,25,59,42,70,0.246,0.688,15,28,103,106,165,205,233,2464,0.438,247,0.0838
Cherry Limeade,,25,54,47,91,0.503,0.451,24,18,95,93,120,75,328,3184,1.942,194,0.1297
Cherry Pie,,28,57,32,80,0.347,0.832,1,9,97,127,137,90,352,4766,1.162,8,0.1952
Cherry Punch,,52,78,58,90,0.381,0.828,6,15,114,148,195,95,273,2686,0.121,247,0.1621
Cherry Sherbet,,70,70,25,75,0.129,0.926,29,27,94,144,163,177,137,4211,0.146,70,0.1691
Cherry Wine,,28,54,42,65,0.452,0.109,29,1,127,108,182,222,145,4102,1.125,27,0.0983
Chitral,,33,50,43,85,0.68,0.293,13,1,130,123,142,96,175,1462,1.423,184,0.1907
Chocolope,,25,80,36,55,0.203,0.262,25,3,130,124,142,16,424,3449,0.704,174,0.1654
Chocolope Kush,,46,63,47,93,0.645,0.091,20,2,96,134,130,142,142,2429,0.254,27,0.0723
Chrome Dome,,63,94,69,71,0.998,0.498,20,10,114,113,143,21,394,3081,0.939,65,0.0411
Chronic,,42,58,37,76,0.32,0.069,6,15,86,129,144,250,168,4195,0.750,62,0.0491
Chupacabra,,24,53,55,55,0.309,0.252,3,18,130,142,155,27,175,4488,1.829,36,0.1809
Church OG,,57,59,64,53,0.016,0.908,5,26,122,135,184,197,215,2157,1.359,44,0.0138
Cinderella 99,,28,60,42,53,0.913,0.141,2,11,101,107,149,165,30,3463,0.237,176,0.0783
Cinnamon Toast Crunch,,47,86,56,57,0.701,0.387,16,11,99,114,115,134,317,1859,1.626,207,0.1166
Circuit Breaker,,34,90,63,61,0.046,0.888,10,10,99,127,104,21,108,858,1.740,207,0.1936
Citradelic Sunset,,69,74,32,93,0.099,0.54,17,8,107,139,123,168,137,3277,1.988,226,0.2000
Citrus Punch,,30,74,65,63,0.805,0.697,4,15,113,95,135,241,430,4679,0.275,136,0.1230
Citrus Sap,,41,78,66,82,0.361,0.262,1,27,117,126,124,4,390,714,1.463,166,0.0035
Clementine,,35,89,37,92,0.965,0.832,9,20,125,142,147,168,361,3458,1.775,8,0.1672
Cloud 9,,43,57,68,69,0.816,0.427,30,28,86,112,197,34,429,2206,1.009,11,0.1122
Cloud Storage,,49,92,68,77,0.362,0.419,13,6,89,108,150,182,272,1883,1.794,3,0.1095
Cluster Funk,,62,72,44,70,0.496,0.384,3,7,121,146,178,29,119,3012,1.019,101,0.0448
Coates,,35,92,65,63,0.937,0.522,6,7,126,106,144,210,153,2854,1.824,133,0.1591
Cobra Lips,,65,56,49,51,0.453,0.92,29,28,111,102,176,180,476,1112,1.753,166,0.1552
Coconut Cookies,,24,93,66,83,0.747,0.527,30,14,125,130,132,191,349,2334,1.038,91,0.1087
Cold Snap,,33,77,51,78,0.449,0.335,30,18,88,142,158,230,107,1308,1.453,173,0.0869
Colorado Clementine,,29,68,27,93,0.722,0.848,15,4,124,107,166,49,448,4965,1.163,16,0.1950
Columbian Gold,,53,67,40,77,0.449,0.129,27,23,101,106,110,155,143,4327,1.070,242,0.1040
Comatose OG,,40,87,47,73,0.558,0.819,28,12,103,90,138,214,367,4119,0.855,216,0.1723
Combat Kush,,59,90,34,62,0.75,0.602,26,26,121,141,113,238,284,3996,0.030,35,0.0967
Concord Grape,,45,72,41,68,0.52,0.768,8,10,130,136,158,171,63,2425,1.486,137,0.1387
Conductor,,45,95,42,57,0.055,0.585,6,28,129,123,175,157,214,1968,1.990,67,0.1586
Conspiracy Kush,,66,90,55,95,0.282,0.996,18,7,129,126,129,157,385,613,1.125,164,0.1217
Cookie Dough,,40,50,39,69,0.313,0.611,1,9,94,111,162,111,242,3329,1.846,76,0.1844
Cookie Jar,,34,53,31,77,0.598,0.018,13,28,97,107,189,172,345,1732,0.385,10,0.1473
Cookie Monster,,52,74,33,80,0.373,0.744,27,23,85,128,117,13,403,2861,0.215,148,0.0005
Cookies and Cream,,24,92,63,66,0.301,0.819,29,6,98,100,123,101,116,4540,0.933,164,0.1018
Cookies n Cream,,57,68,62,75,0.221,0.068,18,10,126,138,176,41,277,3370,1.297,86,0.1748
Coomer Glue,,38,54,62,70,0.889,0.95,14,11,126,141,184,223,379,1723,1.364,219,0.1898
Cooper OG,,38,92,50,69,0.131,0.434,11,7,111,117,175,11,356,4160,0.449,216,0.1758
Copperhead,,62,87,38,87,0.722,0.473,24,21,97,143,101,220,351,3750,1.487,190,0.0252
Coral Reefer,,50,74,45,73,0.15,0.3,24,10,87,128,189,108,316,1850,1.747,53,0.0537
Corey Haze,,50,86,69,53,0.173,0.164,5,29,118,110,109,213,186,3963,0.297,200,0.1438
Corleone Kush,,56,55,63,90,0.207,0.948,15,21,110,122,107,17,344,2442,1.782,107,0.1923
Cosmic Charlie,,33,72,26,78,0.081,0.59,24,21,83,108,194,203,29,1572,0.603,225,0.0315
Cosmic Collision,,30,60,64,69,0.386,0.067,29,19,85,141,122,184,109,2661,1.097,160,0.0840
Cotton Candy Kush,,30,65,28,82,0.489,0.098,18,22,123,129,154,14,190,4677,0.929,108,0.1213
Couch Lock,,45,79,62,59,0.802,0.331,17,9,105,131,179,4,438,3946,1.834,211,0.0688
Cowboy Kush,,36,61,65,94,0.026,0.696,25,9,122,98,118,30,421,3100,0.132,212,0.0355
Cracker Jack,,61,66,44,52,0.316,0.606,22,26,115,140,122,85,345,3521,1.698,100,0.0940
Cream Caramel,,47,68,30,81,0.685,0.942,21,1,113,103,129,239,125,3501,1.476,112,0.1195
Cream d'Mint,,60,56,42,84,0.18,0.311,4,30,125,94,131,198,33,1367,0.461,211,0.0913
Critical 47,,65,77,31,86,0.052,0.375,6,2,119,136,146,89,117,4476,1.680,155,0.0737
Critical Bilbo,,50,92,58,69,0.268,0.072,1,7,80,94,169,55,72,4721,0.773,85,0.1906
Critical Jack,,34,57,33,70,0.76,0.737,2,24,95,96,168,143,196,4598,1.132,246,0.1764
Critical Kush,,46,82,52,59,0.176,0.409,20,17,119,90,181,98,439,1753,1.495,25,0.1874
Critical Mass,,40,51,60,55,0.221,0.23,9,21,107,132,164,213,265,3288,0.716,201,0.0021
Cronuts,,58,68,57,57,0.844,0.392,28,23,87,141,170,83,139,1852,0.643,137,0.0154
Crown OG,,61,53,27,68,0.74,0.535,6,2,122,109,141,33,280,4672,1.253,127,0.1280
Cryogenic Cough,,34,69,49,57,0.617,0.573,28,27,100,110,167,104,276,1748,1.253,134,0.1479
Crystal,,64,64,27,53,0.769,0.88,1,2,112,139,140,30,119,2122,0.665,115,0.0661
Crystal Coma,,20,95,54,55,0.169,0.903,6,12,107,127,190,36,343,1747,1.149,187,0.0608
Crystal Gayle,,41,60,23,76,0.596,0.36,21,23,92,109,145,212,140,3354,0.358,234,0.1427
Cupcake Kush,,69,91,65,56,0.177,0.969,19,5,87,131,131,105,116,2661,1.870,92,0.1020
Cuvée,,59,74,67,53,0.325,0.172,2,22,126,135,160,69,471,3564,1.655,199,0.1994
Cyberosis,,64,91,20,54,0.33,0.797,13,10,81,94,188,221,386,2142,1.456,213,0.1406
Cybertruck Silver,,60,83,27,71,0.077,0.337,13,12,90,145,103,129,444,4617,0.142,149,0.0030
Dabney Blue,,46,53,30,91,0.992,0.796,9,10,94,100,144,68,250,2733,0.592,183,0.1591
Dabulamanzi,,57,81,58,79,0.537,0.907,19,9,82,136,180,244,448,1934,0.238,246,0.1637
Dairy Queen,,29,53,55,55,0.451,0.515,24,14,86,90,140,47,368,2223,1.708,75,0.0481
Damnesia,,20,90,33,53,0.824,0.383,21,18,93,128,187,208,72,836,1.183,144,0.1195
Dank Sinatra,,68,64,23,72,0.539,0.328,27,29,107,107,117,103,297,637,1.677,197,0.0333
Dank Web,,45,78,68,54,0.311,0.774,18,12,105,96,197,41,492,2349,1.730,102,0.1240
Dantes Inferno,,39,65,32,57,0.94,0.353,16,4,82,113,166,199,429,4061,1.788,86,0.0743
Daphne,,54,83,64,56,0.559,0.286,9,5,111,131,171,14,205,933,0.168,186,0.0666
Dark Knight,,53,92,30,80,0.708,0.242,23,17,92,106,158,54,243,788,1.543,16,0.1195
Dark Mode,,30,69,65,68,0.174,0.237,11,27,85,150,169,149,345,1995,1.876,225,0.0642
Dark Side of the Moon,,28,74,57,72,0.896,0.424,13,2,125,124,190,227,459,3328,1.127,120,0.0290
Dark Star,,30,50,31,91,0.215,0.271,10,18,119,136,149,4,408,707,1.729,126,0.1850
Data Leak,,49,52,52,74,0.362,0.369,15,17,91,127,187,31,40,2031,1.946,227,0.1873
Daybreaker,,69,59,40,91,0.231,0.44,12,6,98,132,199,118,292,618,1.617,35,0.0014
Deadhead OG,,58,84,42,70,0.851,0.057,4,14,129,120,144,88,270,4477,1.428,43,0.1826
Deadlights,,30,63,28,82,0.754,0.702,2,7,101,127,177,104,488,4076,0.783,162,0.1434
Death Star,,30,80,53,58,0.873,0.571,20,8,101,140,156,30,175,4784,0.055,1,0.0453
Death Star OG,,28,54,46,61,0.963,0.32,2,28,86,148,170,160,93,4284,0.025,121,0.1744
Deep Cheese,,43,95,61,53,0.451,0.701,28,27,91,121,155,87,33,3833,0.961,227,0.0681
Deep Purple,,43,91,58,93,0.871,0.777,29,3,122,109,149,228,255,3832,1.262,168,0.1958
Deep Sleep,,48,69,48,89,0.997,0.457,5,10,90,114,157,65,129,4409,1.233,153,0.0611
Deepfake Diesel,,45,91,56,87,0.388,0.641,27,1,113,100,182,192,80,4089,0.891,31,0.0881
Delahaze,,41,79,51,58,0.158,0.566,19,25,102,138,182,16,172,3236,1.910,122,0.0686
Desert Diesel,,35,71,59,69,0.407,0.108,20,10,92,143,165,173,425,2412,1.639,198,0.1976
Devil Fruit,,48,82,54,95,0.171,0.498,11,18,119,100,110,179,447,3637,1.442,13,0.1975
Dial-Up Dreams,,61,77,61,77,0.903,0.463,4,6,104,144,177,145,70,3409,0.751,50,0.1278
Diamond Dust,,68,82,43,52,0.763,0.528,7,23,108,117,139,230,253,3001,1.218,12,0.0917
Diamond OG,,36,51,70,93,0.582,0.837,28,5,99,143,200,153,104,723,0.086,28,0.0326
Digweed,,21,59,32,88,0.106,0.592,25,26,92,111,184,49,458,3005,0.463,76,0.1616
Dino Meat,,48,67,48,53,0.481,0.376,11,20,94,124,184,24,47,2088,1.121,92,0.0519
Dirty Girl,,40,87,59,61,0.445,0.359,1,22,95,134,100,99,318,813,1.887,131,0.1011
Dirty Little Secret,,43,66,35,79,0.913,0.471,29,24,129,100,136,232,442,3078,1.254,181,0.0971
Discord Mod,,40,84,31,87,0.143,0.612,1,29,85,99,112,193,351,1917,0.532,161,0.0071
Dixie Elixir,,55,58,70,74,0.022,0.185,20,9,116,99,152,197,356,3987,1.570,140,0.0791
Django,,62,68,61,69,0.636,0.201,17,12,105,105,141,47,109,533,1.901,70,0.0283
D-Line,,54,89,64,50,0.12,0.917,5,5,96,114,182,150,115,1021,0.243,159,0.1742
Doc’s OG,,55,93,37,64,0.706,0.383,28,4,104,116,125,145,257,1716,0.572,129,0.0939
Dog Shit,,34,77,29,63,0.649,0.202,25,6,129,142,126,4,108,4909,1.867,103,0.0999
Dogecoin Dreams,,67,71,36,53,0.478,0.201,2,6,117,134,131,88,45,4663,1.817,208,0.1730
Dogwalker OG,,47,85,32,78,0.124,0.709,14,1,119,112,195,181,251,3702,0.791,144,0.1908
Don Carlos,,45,93,65,79,0.674,0.635,27,21,96,144,160,105,321,2153,0.387,182,0.1929
Don Giovanni,,27,90,33,68,0.978,0.495,24,14,81,146,111,62,147,1605,1.976,196,0.1449
Donny Burger,,65,90,51,81,0.146,0.156,9,29,103,106,198,19,327,4735,1.838,87,0.1957
Do-Si-Dos,,38,72,25,80,0.934,0.689,15,24,90,100,108,155,174,4283,1.570,99,0.1285
Double Diesel,,59,78,56,50,0.331,0.037,12,12,109,145,103,157,468,2701,1.172,171,0.0890
Double Dream,,45,92,60,75,0.627,0.555,23,1,95,145,124,199,339,3600,1.014,162,0.1017
Double Dutch,,44,68,55,91,0.931,0.903,27,30,129,130,176,188,439,1939,1.406,68,0.0373
Double OG,,32,54,52,74,0.425,0.199,25,26,91,92,146,170,217,2123,1.678,226,0.0021
Double Purple Doja,,29,94,28,77,0.884,0.883,2,6,114,137,125,27,466,4398,0.351,129,0.0340
Double Tangie Banana,,26,72,33,69,0.663,0.261,30,3,111,97,200,147,40,4773,0.996,75,0.0849
Dr. Funk,,28,56,58,68,0.209,0.542,8,20,114,100,164,219,100,2936,0.018,177,0.0742
Dr. Grinspoon,,24,77,61,69,0.415,0.645,19,1,85,107,141,62,358,901,0.656,110,0.1318
Dr. Who,,68,88,57,94,0.331,0.946,4,10,103,124,107,143,365,581,1.297,1,0.1645
Dragon Fruit,,50,65,61,68,0.605,0.475,8,27,84,128,114,175,453,1838,1.646,221,0.1496
Dragon’s Breath,,58,91,35,89,0.011,0.84,5,7,124,90,104,53,54,682,0.690,174,0.1576
Dream Beaver,,29,93,53,56,0.431,0.928,6,4,121,108,107,4,272,1283,1.243,168,0.0305
Dream Queen,,47,63,60,75,0.556,0.562,8,14,125,143,124,79,256,2257,0.698,5,0.1417
Dub,,29,62,27,81,0.236,0.765,16,16,108,139,162,88,106,4255,0.962,232,0.1980
Duck Foot,,53,87,58,86,0.827,0.715,23,4,102,135,119,57,259,3506,1.978,34,0.1819
Duke Nukem,,47,58,67,71,0.767,0.128,19,27,130,93,152,117,91,2824,0.474,209,0.1444
Durban Magic,,63,93,48,87,0.779,0.057,10,10,82,145,118,146,374,3461,1.831,183,0.0299
Durban Poison,,44,88,33,61,0.754,0.139,21,10,121,92,104,209,327,2186,1.743,151,0.1244
Dutch Dragon,,21,83,59,57,0.624,0.444,27,25,91,114,156,99,53,5000,1.302,207,0.1815
Dutch Hope,,34,73,25,63,0.19,0.725,5,26,84,106,122,172,478,620,1.118,102,0.1218
Dutch Treat,,43,79,37,59,0.17,0.955,26,3,101,121,169,173,54,4192,1.480,188,0.0273
Dynamite,,21,55,49,63,0.437,0.031,26,9,93,113,102,4,485,633,0.731,238,0.1820
Early Girl,,20,84,52,83,0.622,0.858,4,11,95,92,162,151,264,2978,1.655,202,0.0428
Early Pearl,,58,88,46,53,0.65,0.349,6,25,93,99,189,177,361,986,0.609,48,0.1962
Early Skunk,,52,92,60,85,0.429,0.961,11,17,115,128,144,32,291,2832,1.418,182,0.1647
Earth OG,,68,63,63,68,0.355,0.789,20,16,105,116,107,12,411,2222,0.688,235,0.0096
Earthquake,,50,76,30,61,0.003,0.514,12,3,89,116,105,25,153,4031,1.854,209,0.1822
East Coast Sour Diesel,,33,54,36,84,0.785,0.088,11,7,99,98,118,116,475,1556,0.422,133,0.1999
Ecto Cooler,,22,53,69,88,0.936,0.632,28,8,100,133,106,115,158,3067,1.941,190,0.1195
Ed Rosenthal Super Bud,,55,76,43,60,0.25,0.898,2,19,80,91,117,158,377,706,1.059,116,0.0196
Eight Ball Kush,,63,93,52,52,0.744,0.998,25,15,104,109,188,71,188,2059,1.352,246,0.0461
El Chapo OG,,21,52,49,71,0.556,0.643,9,6,104,137,111,222,108,2507,1.708,73,0.1903
Electric Kool-Aid,,67,92,69,91,0.7,0.487,3,2,129,100,146,107,356,4739,0.481,219,0.1191
Electric Lemonade,,58,67,24,50,0.321,0.043,21,25,123,101,130,125,164,4312,1.907,56,0.1311
Elephant,,52,57,20,95,0.291,0.493,10,18,99,147,111,72,207,3210,0.219,27,0.0925
Elmer’s Glue,,38,53,24,83,0.528,0.16,30,2,126,146,105,29,161,2528,0.314,195,0.1682
Elon’s Musk,,38,80,55,65,0.869,0.229,9,11,95,108,192,136,387,3735,1.499,1,0.1951
Elphaba’s Bliss,,52,63,46,73,0.477,0.932,24,7,115,92,111,106,103,4099,0.370,159,0.1766
Elvis,,52,85,52,78,0.512,0.225,17,13,84,122,161,177,258,1165,0.420,232,0.1158
Emerald Jack,,52,79,70,83,0.907,0.721,25,27,87,150,197,216,436,2858,0.214,213,0.1372
Emerald OG,,31,79,57,54,0.357,0.33,13,14,124,116,171,3,216,4592,0.019,95,0.1062
Emperor Cookie Dough,,20,95,56,62,0.525,0.976,13,14,101,103,107,167,499,1595,1.631,142,0.1209
Empire Kush,,25,80,60,94,0.322,0.619,24,17,100,135,159,50,105,939,0.996,154,0.1738
Endless Sky,,67,65,40,53,0.719,0.477,17,23,80,146,186,113,192,2624,0.675,91,0.1727
Enemy of the State,,63,56,46,90,0.669,0.776,19,25,111,120,146,176,274,1593,0.679,95,0.0990
Enigma,,63,54,44,56,0.818,0.104,26,29,112,145,125,100,277,4046,0.312,100,0.0648
Error 404: Strain Not Found,,70,50,41,67,0.929,0.112,4,24,122,121,137,85,271,3256,0.739,188,0.0847
Euphoria,,69,61,23,74,0.568,0.119,21,21,88,108,174,121,159,2047,1.149,221,0.1574
Evening Star,,28,86,35,50,0.915,0.924,27,19,122,112,105,147,405,1253,1.285,59,0.1609
Ewok,,43,77,34,81,0.809,0.246,12,13,110,140,109,216,305,1171,0.523,129,0.0429
Exodus Cheese,,31,74,68,77,0.302,0.608,28,13,100,108,132,86,348,3791,0.914,113,0.0068
Exotic OG,,21,74,57,66,0.372,0.34,30,5,100,130,142,101,99,1564,0.512,139,0.1743
Extreme OG,,29,82,42,63,0.497,0.768,23,13,113,93,100,143,73,809,1.524,65,0.0468
Eye Candy,,40,87,53,53,0.66,0.533,25,15,99,99,194,103,253,3022,0.502,223,0.1480
F-1,,36,63,63,54,0.046,0.973,7,9,125,122,134,169,424,2058,0.214,229,0.0895
F-13,,30,52,70,93,0.27,0.453,9,24,117,124,195,197,498,577,0.679,38,0.0764
Face Off OG,,29,63,66,57,0.342,0.228,29,22,89,120,146,40,191,534,0.304,42,0.1152
Fairuz,,30,56,51,67,0.278,0.635,29,18,95,112,148,128,322,1237,0.375,116,0.0491
False Teeth,,35,95,61,62,0.862,0.594,19,4,128,111,168,211,172,1870,0.383,202,0.0179
Fast Eddy,,60,51,35,91,0.892,0.27,8,2,109,102,147,84,148,4006,1.697,161,0.1284
Fast Flowering,,44,88,34,74,0.523,0.271,21,29,113,126,126,233,434,2629,1.827,165,0.0806
Fat Aft,,23,79,55,65,0.471,0.711,28,15,100,136,184,101,203,4166,0.093,139,0.1985
Fat Banana,,64,70,24,70,0.419,0.313,14,27,87,123,101,183,57,2351,1.536,68,0.1174
Fat Nelson,,23,75,20,56,0.02,0.947,20,27,102,149,151,122,199,2894,1.893,88,0.1629
Fiber Optic Fire,,67,81,37,57,0.771,0.588,27,2,115,131,195,50,179,3458,0.250,141,0.0757
Fire OG,,41,79,59,95,0.884,0.935,3,9,103,127,174,81,316,3072,1.782,174,0.0195
Firewall Fruit,,64,78,50,52,0.15,0.47,17,22,83,139,149,168,74,3272,0.465,69,0.0547
Fizzy Drank,,41,77,60,77,0.204,0.403,10,23,82,142,182,13,189,3371,0.630,185,0.1933
Flaming Cookies,,26,94,23,83,0.87,0.603,12,9,100,118,116,188,320,776,1.832,98,0.0155
Flaming Tangerines,,60,91,32,63,0.711,0.926,21,10,97,120,151,201,464,3713,1.094,211,0.0933
Flatliner,,31,90,59,80,0.463,0.085,26,13,114,112,113,79,168,3754,0.137,121,0.1385
Flight 813,,26,69,37,95,0.611,0.133,12,2,102,100,192,103,241,4939,0.623,217,0.0423
Flo,,51,83,21,93,0.386,0.404,17,2,89,104,130,124,467,2630,0.073,209,0.1430
Flowerbomb Kush,,36,88,29,95,0.406,0.66,17,10,127,121,130,112,432,2931,1.555,244,0.0262
Flying Dragon,,60,55,61,87,0.825,0.219,5,7,108,106,164,54,76,1048,1.938,124,0.0573
Fog Jam,,59,69,20,93,0.392,0.265,29,25,99,99,189,103,107,1783,0.383,142,0.0106
Forbidden Fruit,,47,73,54,80,0.239,0.783,4,28,89,126,131,163,228,3045,1.243,218,0.0289
Four Way,,42,56,50,80,0.956,0.702,15,9,94,130,200,142,432,4322,0.372,114,0.0245
Frankenberry,,43,51,25,58,0.24,0.729,23,8,85,120,111,112,65,2628,1.010,96,0.0891
French Toast,,20,70,69,58,0.918,0.342,19,3,118,102,116,239,169,1227,0.704,74,0.1667
Frisian Dew,,37,53,25,69,0.76,0.187,15,18,118,134,118,186,424,979,1.267,222,0.0789
Frosted Flakes,,27,77,31,91,0.208,0.352,26,8,128,144,119,204,63,2816,0.588,87,0.0584
Frosty,,36,62,31,52,0.142,0.213,13,18,107,110,114,83,409,2599,1.305,47,0.1833
Fruit Loop Haze,,63,87,22,58,0.566,0.725,12,11,125,145,122,34,286,4327,1.922,30,0.0487
Fruit Loops,,30,70,47,79,0.38,0.257,30,22,111,93,158,165,446,4630,0.708,10,0.1857
Fruit Punch,,64,58,53,83,0.265,0.722,18,20,94,120,135,109,357,4587,1.179,11,0.1793
Fruit Spirit,,57,91,44,75,0.683,0.809,5,24,127,90,190,142,263,1194,1.069,102,0.0220
Fruit Tartare,,44,73,65,95,0.114,0.505,4,10,94,140,148,5,459,1712,0.448,206,0.0663
Fruity Pebbles,,35,76,40,69,0.754,0.739,7,29,91,125,182,7,108,4734,0.061,158,0.0447
Fucking Incredible,,62,80,27,63,0.837,0.597,17,13,110,98,161,12,141,4912,1.572,180,0.1830
Fuel OG,,26,70,34,85,0.884,0.244,28,26,98,130,120,219,278,1463,0.252,60,0.1442
Fuji,,64,52,46,75,0.799,0.377,7,24,83,104,188,81,193,3295,0.326,25,0.1649
Full Moon,,49,82,48,75,0.622,0.625,3,20,91,96,180,216,80,3604,1.356,115,0.1082
Funky Monkey,,38,54,41,77,0.664,0.856,28,1,82,91,195,96,223,1844,0.999,139,0.0598
Future,,39,77,36,86,0.667,0.609,21,23,124,92,137,205,485,4575,1.714,78,0.1573
G13,,67,79,43,64,0.443,0.882,11,2,127,113,131,3,118,2787,1.390,168,0.1191
Gabbie OG,,44,75,24,63,0.492,0.387,26,7,92,149,174,215,64,2413,0.491,122,0.1464
Galactic Gas,,25,67,46,69,0.081,0.768,30,20,116,110,183,17,66,2595,1.429,93,0.1160
Galactic Gremlin,,69,53,25,93,0.836,0.492,7,23,128,90,196,108,331,4232,1.233,206,0.0886
Galactic Jack,,46,93,33,75,0.835,0.643,10,17,112,132,130,54,171,3058,1.197,12,0.0830
Galaxy,,68,62,67,56,0.183,0.782,4,26,97,100,119,194,461,4227,0.796,124,0.0291
Game Changer,,37,56,24,79,0.326,0.16,10,19,89,103,118,218,257,1424,0.857,72,0.1222
Garlic Cookies,,57,59,35,50,0.084,0.286,20,4,93,110,179,50,329,4838,1.143,19,0.0697
Gas Mask,,68,94,59,63,0.198,0.071,9,5,96,127,128,101,480,3891,0.175,183,0.1246
Gas Pedal,,52,67,46,69,0.304,0.209,8,19,97,111,124,206,451,720,0.782,99,0.0061
Gasper,,44,50,57,70,0.691,0.954,17,29,98,110,178,236,481,2281,1.156,203,0.1746
Gelato,,28,50,48,89,0.437,0.317,7,14,99,138,158,97,168,4081,1.158,93,0.1398
Gelato 33,,42,78,37,75,0.73,0.306,8,23,124,97,136,233,50,2440,1.138,11,0.1898
Gelato 41,,31,52,35,62,0.066,0.932,11,25,109,127,130,27,121,1146,1.700,95,0.1578
Gelato 45,,20,75,26,87,0.136,0.445,10,11,127,92,184,199,406,3192,1.115,156,0.0194
Gelatti,,34,94,55,54,0.648,0.339,9,12,86,129,188,60,138,4249,0.238,108,0.0137
Gelonade,,41,77,69,90,0.118,0.319,15,24,92,114,162,128,263,4035,1.652,65,0.1927
Georgia Kush,,23,65,38,93,0.878,0.036,15,28,102,112,129,132,368,1312,1.166,113,0.1466
Georgia Pie,,28,66,47,66,0.512,0.28,10,12,112,91,108,133,213,2030,0.032,223,0.0253
German Chocolate,,50,67,40,86,0.163,0.102,18,29,107,104,191,99,414,1412,1.916,17,0.1747
G-Force,,43,90,25,63,0.605,0.961,19,30,84,117,129,229,256,4299,0.911,94,0.1144
Ghost Breath,,37,81,49,85,0.729,0.569,19,12,129,100,168,39,185,4226,1.463,249,0.0713
Ghost Cookies,,65,82,67,58,0.16,0.64,18,2,81,118,162,106,44,4839,0.344,134,0.1608
Ghost in the Shell,,62,74,70,52,0.731,0.947,27,21,95,138,196,182,240,3124,0.359,45,0.1947
Ghost OG,,57,58,63,90,0.615,0.123,19,14,84,131,177,231,167,1935,1.450,21,0.0123
Ghost Train Haze,,60,73,33,65,0.091,0.653,15,3,130,129,174,241,424,3138,0.429,27,0.0873
Giant Steps,,50,95,28,93,0.101,0.701,7,30,115,131,142,74,224,1134,0.674,193,0.1270
Gigabud,,34,77,42,90,0.021,0.909,10,3,119,149,106,173,401,4566,1.318,86,0.1131
GigaChad OG,,60,57,21,52,0.231,0.318,16,25,115,123,110,39,275,2901,1.743,229,0.1043
Giggle Weed,,40,65,42,89,0.374,0.37,25,3,125,120,132,236,427,2210,1.140,177,0.0200
Gillyweed,,33,58,60,88,0.571,0.214,12,23,123,135,118,233,490,3118,0.972,95,0.1960
Ginger Ale,,60,66,60,69,0.119,0.146,4,2,92,94,122,75,366,1558,1.530,96,0.1459
Ginger Punch,,67,72,21,58,0.882,0.667,26,4,111,149,184,4,375,4226,1.369,201,0.0207
Girl Scout Cookies,,69,86,20,90,0.634,0.411,18,23,120,136,119,112,63,3915,1.786,126,0.0348
Girl Scout Cookies Extreme,,41,73,41,89,0.965,0.24,2,14,89,112,106,240,64,3066,1.902,42,0.0615
Glass Apple,,58,65,64,61,0.803,0.787,6,10,96,142,147,76,166,1141,1.836,183,0.0446
Glass Slipper,,39,50,33,77,0.76,0.263,2,3,119,119,174,236,137,3713,1.014,162,0.0132
Glitch in the Matrix,,26,68,63,92,0.918,0.34,23,13,127,90,196,235,238,3927,0.589,3,0.0641
Glitter Apples,,49,86,67,81,0.509,0.959,11,11,101,96,118,195,221,1421,0.408,230,0.0502
Glookies,,38,50,21,67,0.909,0.259,4,19,80,98,167,159,143,3539,0.384,51,0.0462
Glue Trap,,31,88,24,78,0.46,0.874,29,30,105,135,187,229,491,3428,1.525,168,0.1042
Gluechee,,37,79,24,66,0.225,0.398,17,19,89,91,136,207,191,4533,1.608,154,0.1464
GMO Cookie,,20,55,62,75,0.116,0.849,4,9,115,96,157,95,334,994,1.248,89,0.1351
GMO Rootbeer,,70,60,68,75,0.778,0.662,30,4,103,123,180,49,191,1602,1.224,5,0.0879
Gobbstopper,,63,52,31,95,0.356,0.823,8,18,96,120,172,44,139,3090,0.996,112,0.1188
Godfather OG,,70,68,54,61,0.13,0.974,9,5,93,140,150,221,65,586,0.586,2,0.1760
God's Gift,,30,77,52,67,0.849,0.051,18,24,87,117,114,44,382,1301,0.437,91,0.0689
Godzilla,,55,64,42,92,0.035,0.272,23,24,115,146,192,202,97,3506,0.907,81,0.0052
Godzilla Glue,,40,55,24,75,0.222,0.488,8,3,97,97,193,80,444,2039,1.620,33,0.1710
Goji OG,,43,94,61,82,0.413,0.716,14,25,81,130,121,29,422,2684,0.674,141,0.0475
Gold Dust,,23,59,47,94,0.851,0.269,12,26,91,110,115,153,211,4066,1.522,87,0.1816
Gold Leaf,,53,59,58,74,0.056,0.285,25,22,107,97,101,110,379,4302,0.780,37,0.1789
Golden Calyx,,48,94,23,81,0.102,0.399,24,12,87,92,197,47,439,3952,0.352,194,0.0241
Golden Gari,,65,85,32,72,0.497,0.512,9,14,84,131,195,188,41,1738,1.034,238,0.1171
Golden Goat,,50,53,57,59,0.468,0.267,12,26,125,131,184,55,100,3661,0.254,151,0.0787
Golden Nugget,,21,79,35,62,0.036,0.178,9,22,115,119,134,117,421,4243,1.279,49,0.1231
Golden Pineapple,,21,57,63,82,0.114,0.906,11,15,116,101,111,149,500,2181,0.626,150,0.0744
Golden State Banana,,28,78,40,94,0.807,0.651,17,10,104,100,175,192,452,1185,1.058,168,0.1743
Golden Ticket,,31,53,51,81,0.983,0.374,27,3,111,115,138,215,180,2014,1.953,184,0.1078
Gooberry,,66,55,35,81,0.996,0.835,30,18,81,102,146,192,463,622,0.594,99,0.0512
Good Medicine,,55,81,28,50,0.607,0.864,14,12,91,97,134,17,38,1300,1.326,52,0.0475
Goofies,,27,94,33,55,0.588,0.792,23,12,80,93,141,43,499,3536,1.040,130,0.0006
Gordo Master Kush,,21,50,49,63,0.519,0.141,24,26,105,135,141,88,438,3141,1.481,190,0.1655
Gorilla Biscuit,,26,66,64,87,0.174,0.42,4,17,91,124,193,39,476,4765,1.895,212,0.0996
Gorilla Breath,,62,66,28,62,0.412,0.554,10,20,94,134,107,61,261,2186,1.332,121,0.1682
Gorilla Cookies,,26,92,67,80,0.918,0.745,9,17,92,101,108,124,442,2647,1.578,28,0.1445
Gorilla Glue #5,,33,80,31,88,0.393,0.54,22,10,129,100,133,165,246,3383,1.460,121,0.0261
Gorrilla Glue #4,,20,88,21,69,0.387,0.48,14,7,99,101,152,2,325,4088,0.802,100,0.1292
Gorrilla Grapes,,60,86,32,65,0.425,0.028,22,22,81,139,194,170,203,3507,1.042,235,0.1463
Granddaddy Purple,,48,62,65,57,0.893,0.69,12,9,85,99,164,179,454,4992,0.572,88,0.0683
Grandi Candi,,21,93,60,95,0.692,0.246,29,18,128,124,190,213,91,4442,1.346,185,0.1979
Grandpa's Breath,,23,51,48,85,0.24,0.623,28,7,87,97,109,115,239,3099,0.787,85,0.1245
Grape Ape,,33,78,43,75,0.243,0.888,27,3,91,123,164,230,180,2776,0.957,130,0.0183
Grape Cream Cake,,39,84,43,50,0.1,0.57,14,22,118,92,173,218,314,2637,1.913,61,0.0234
Grape Diamonds,,66,79,56,51,0.002,0.453,9,30,126,91,192,112,167,2624,0.398,77,0.0511
Grape Drink,,38,75,55,64,0.237,0.812,5,4,81,105,130,124,360,4141,0.556,103,0.0715
Grape Gasoline,,53,86,36,95,0.024,0.462,21,22,90,143,120,135,461,2750,0.054,148,0.0315
Grape God,,26,56,61,72,0.436,0.153,5,30,103,109,107,185,259,4062,1.197,49,0.1234
Grape Inferno,,38,51,44,66,0.161,0.205,18,4,103,102,145,10,421,1695,0.642,159,0.1193
Grape Krush,,30,65,41,57,0.89,0.494,11,25,105,132,178,174,483,4588,1.805,73,0.0942
Grape Pie,,66,59,66,53,0.966,0.331,30,13,86,150,100,213,79,4578,1.384,29,0.0174
Grape Stomper,,23,90,43,74,0.322,0.737,21,30,94,115,190,120,371,2597,1.264,152,0.1910
Great White Shark,,45,68,40,53,0.254,0.533,1,15,127,119,107,4,224,2923,1.199,232,0.0113
Green Crack,,44,86,64,55,0.964,0.792,24,7,102,140,162,153,150,3539,1.717,171,0.1727
Green Crack Extreme,,67,95,38,74,0.089,0.829,10,10,124,116,162,159,63,3674,0.164,225,0.0516
Green Diamond,,40,72,38,60,0.42,0.133,4,27,119,138,189,9,374,4495,1.165,236,0.1254
Green Door,,60,72,55,57,0.124,0.769,30,3,87,96,101,140,49,1262,1.603,190,0.1300
Green Dream,,24,50,28,84,0.948,0.707,3,21,90,100,188,170,342,4334,0.531,84,0.1236
Green Goblin,,63,82,35,62,0.43,0.013,23,30,83,132,143,144,478,942,0.167,110,0.0259
Green Goddess,,58,62,45,69,0.518,0.867,11,3,89,128,117,168,358,3616,1.637,248,0.1358
Green Haze,,64,93,26,72,0.967,0.461,6,30,127,130,168,104,35,575,1.427,84,0.0664
Green Love Potion,,51,60,66,64,0.094,0.923,25,28,120,140,108,206,499,1700,0.326,51,0.1583
Green Ribbon,,45,86,61,74,0.309,0.397,13,10,97,116,111,122,303,3242,0.791,15,0.0846
Grimace OG,,30,53,68,73,0.402,0.948,25,2,95,96,187,243,415,3166,0.545,226,0.1103
Guava,,56,72,35,64,0.466,0.63,7,19,97,97,196,68,217,2170,1.671,153,0.1998
Guava Cake,,34,63,58,70,0.864,0.654,1,26,130,122,172,40,183,3564,1.626,212,0.0544
Guava Dawg,,28,90,27,82,0.605,0.952,18,27,117,115,140,12,319,2774,0.954,159,0.1128
Guava Gelato,,49,63,20,63,0.329,0.813,11,24,106,149,145,4,295,4814,1.046,212,0.0436
Gumby,,45,95,66,66,0.816,0.147,25,12,88,94,158,16,229,1424,0.166,186,0.1200
Gummy Bears,,58,56,48,71,0.175,0.785,7,10,92,148,181,102,465,3366,0.833,172,0.0596
Gush Mints,,57,89,50,70,0.581,0.671,22,1,126,127,127,161,357,4769,0.335,97,0.0493
Gushers,,57,68,38,69,0.326,0.819,14,24,127,137,198,102,438,3137,1.912,117,0.1240
G-Wiz,,58,87,51,59,0.016,0.897,23,18,85,144,138,125,87,3773,1.410,54,0.1124
Hacker’s Delight,,50,95,37,55,0.468,0.889,27,4,106,119,100,142,102,4531,0.441,85,0.1066
Haoma,,51,91,47,56,0.728,0.593,3,10,127,133,112,38,254,2038,0.376,199,0.1061
Harambe’s Revenge,,53,88,37,81,0.252,0.39,23,5,93,103,129,65,157,889,0.567,102,0.1376
Hard Drive,,59,66,53,67,0.856,0.552,5,2,81,148,194,140,372,4632,0.370,181,0.1845
Hardcore OG,,37,68,61,73,0.227,0.863,18,27,108,121,146,144,171,4278,0.406,12,0.0177
Harlequin,,54,61,44,92,0.088,0.859,6,3,128,144,186,140,165,2127,1.931,62,0.0020
Harle-Tsu,,66,72,39,50,0.691,0.289,2,4,85,113,199,123,214,648,0.466,75,0.0792
Hash Plant,,44,95,46,67,0.47,0.695,3,9,123,106,146,59,465,1593,0.389,125,0.1386
Hashberry,,56,84,54,91,0.94,0.02,8,23,101,125,167,120,404,3300,0.432,105,0.1681
Hawaiian,,41,74,39,53,0.499,0.25,9,23,82,126,124,82,455,3315,0.904,105,0.1372
Hawaiian Snow,,36,84,33,72,0.388,0.255,22,16,112,143,156,186,227,3807,0.823,39,0.1213
Haze,,56,85,52,69,0.21,0.07,15,16,86,100,108,128,367,816,1.252,68,0.1052
Head Cheese,,40,89,26,79,0.437,0.588,11,29,120,121,148,200,458,2581,1.736,150,0.0588
Headband,,37,75,32,57,0.251,0.587,14,19,92,97,180,218,170,2815,0.865,136,0.0231
Heavy Duty Fruity,,31,92,41,89,0.813,0.737,7,8,88,119,154,107,360,3572,1.261,14,0.0024
Hellraiser OG,,67,62,56,88,0.462,0.782,22,18,109,103,192,212,176,4548,1.060,235,0.1873
Hell's OG,,47,88,41,88,0.887,0.471,20,30,119,139,146,33,404,1893,0.214,8,0.1468
Hemlock,,59,83,57,79,0.036,0.111,25,17,99,123,173,113,99,2226,1.540,197,0.1180
Hifi 4G,,25,60,33,75,0.363,0.966,27,5,116,112,194,62,384,3124,0.791,10,0.1025
High Desert,,65,93,34,75,0.638,0.809,20,24,88,108,181,223,25,2108,1.599,16,0.0915
High Five,,36,71,53,89,0.434,0.641,3,29,98,129,146,41,454,2091,1.741,205,0.1685
High School Sweetheart,,41,75,22,53,0.846,0.7,19,10,124,105,194,205,368,2549,1.330,97,0.0365
High Society,,32,85,60,66,0.666,0.771,30,16,102,109,175,164,299,4507,0.335,167,0.1351
High-Def Hybrid,,65,62,37,77,0.369,0.873,6,23,92,110,106,69,140,1518,0.745,63,0.1964
Himalayan Gold,,20,80,68,78,0.728,0.118,11,28,121,97,164,86,198,1074,1.684,222,0.0999
Hindu Kush,,56,53,67,83,0.03,0.36,6,12,103,141,117,230,213,4659,0.277,25,0.0533
Hog's Breath,,33,51,34,94,0.906,0.072,10,9,111,141,188,117,461,2242,1.468,144,0.0692
Hollyweed,,24,71,44,67,0.4,0.018,1,10,82,93,103,209,48,4718,0.189,115,0.0264
Hollywood,,22,89,24,60,0.557,0.511,14,16,124,107,115,29,154,3668,0.463,186,0.1299
Hologram Haze,,30,61,58,62,0.637,0.639,1,8,87,93,155,75,93,4399,1.780,137,0.0281
Holy Grail Kush,,49,59,37,64,0.115,0.311,5,1,115,98,133,101,433,3512,1.694,36,0.1505
Honey Bun,,70,78,26,63,0.726,0.889,13,6,82,140,102,148,238,1518,0.782,226,0.1006
Honey Dew,,45,50,58,64,0.506,0.091,19,11,101,150,152,101,432,881,1.372,237,0.1590
Honey Pot,,55,70,61,77,0.353,0.603,13,3,86,95,149,4,480,677,0.864,85,0.0759
Honeysuckle,,41,75,67,69,0.541,0.251,2,3,118,104,194,227,25,2032,1.155,71,0.0636
Honolulu Haze,,63,88,47,50,0.815,0.253,16,5,102,120,146,89,37,4775,0.796,245,0.1517
Hoverboard Haze,,23,81,38,71,0.762,0.017,8,12,122,92,155,219,111,1018,1.470,183,0.0988
Hubba Bubba,,53,68,27,72,0.676,0.171,6,9,111,100,186,11,290,838,0.219,160,0.0170
Huckleberry,,70,87,70,57,0.668,0.207,25,15,107,149,104,72,125,2154,1.397,85,0.1490
Hulkberry,,38,86,70,83,0.832,0.68,25,30,97,103,170,220,469,670,0.622,144,0.0462
Humble Pie,,41,64,62,73,0.287,0.119,11,14,93,104,138,89,186,1582,1.659,244,0.1467
Ice,,62,67,67,95,0.711,0.48,26,29,93,137,119,154,122,652,1.521,212,0.0456
Ice Bomb,,49,51,49,70,0.899,0.422,21,13,114,126,150,107,375,4510,1.821,216,0.0309
Ice Cool,,32,70,66,69,0.254,0.841,3,18,91,115,124,207,332,1465,1.036,233,0.1408
Ice Cream Cake,,26,57,68,93,0.149,0.045,26,23,84,134,192,45,195,2006,0.180,52,0.1427
Ice Cream Man,,33,91,49,56,0.371,0.928,2,21,128,94,175,178,241,3723,1.207,36,0.0960
Iced Grapefruit,,61,91,52,93,0.775,0.206,29,20,130,105,104,13,349,2277,1.527,38,0.1975
Iced Widow,,38,87,29,73,0.256,0.916,27,3,84,102,148,116,303,573,1.575,76,0.1613
Incognito Mode,,61,94,47,89,0.725,0.546,15,26,101,109,123,223,470,2941,1.771,197,0.0217
Incredible Hulk,,35,87,46,51,0.507,0.507,5,25,104,109,155,44,443,2600,1.829,79,0.0606
Indo,,64,93,24,91,0.977,0.576,15,15,89,126,133,113,42,2583,1.705,161,0.0195
Indy White,,45,53,55,52,0.762,0.268,17,29,119,98,194,191,133,3321,0.877,73,0.0270
Infinite Scroll,,58,75,31,83,0.348,0.313,11,5,85,109,189,148,73,4317,0.062,222,0.1118
Infinitive,,46,54,65,69,0.767,0.6,29,10,113,137,133,175,70,4895,1.431,0,0.0472
Internal Affairs,,65,82,51,78,0.476,0.697,15,8,122,103,162,113,223,1280,1.750,34,0.1059
Inzane in the Membrane,,64,54,36,53,0.422,0.372,2,11,130,141,142,67,61,3462,0.649,90,0.0695
Iron Lung,,34,91,60,60,0.53,0.811,16,3,105,143,123,121,206,3378,1.526,199,0.0219
Iron Man OG,,57,52,20,63,0.255,0.332,22,17,105,126,122,49,392,3364,0.298,236,0.0368
Island OG,,51,73,43,85,0.627,0.844,28,16,117,90,164,115,39,3758,0.971,233,0.1883
Island Pink,,36,87,20,70,0.593,0.465,20,6,92,105,191,243,182,804,1.760,23,0.1168
Island Sweet Skunk,,65,58,25,92,0.2,0.766,24,9,87,131,135,85,59,3226,1.236,217,0.0551
Issac Hayes,,53,72,70,60,0.986,0.812,17,19,108,142,189,160,60,3884,0.599,167,0.1489
It's It,,20,77,37,58,0.04,0.815,22,24,83,112,139,65,76,846,1.816,110,0.0603
Ivy OG,,24,60,33,88,0.933,0.803,13,14,109,149,156,166,414,2528,1.850,89,0.1015
J-1,,63,61,28,63,0.627,0.617,16,25,82,91,120,87,284,3251,1.775,11,0.0821
J-27,,64,82,54,58,0.452,0.512,18,12,122,135,192,103,180,940,1.048,47,0.1103
Jack Flash,,36,54,26,71,0.126,0.109,6,2,91,125,147,96,172,2596,1.758,246,0.0704
Jack Frost,,50,80,61,76,0.034,0.121,14,11,92,126,111,120,355,4660,1.503,124,0.1893
Jack Herer,,22,82,28,51,0.895,0.367,6,15,103,96,162,104,394,1313,1.905,166,0.0120
Jack Skellington,,32,74,49,60,0.756,0.615,14,14,125,140,102,137,159,1285,0.143,48,0.0020
Jack the Ripper,,42,63,43,95,0.437,0.763,1,28,96,144,182,218,132,4736,1.077,50,0.0331
Jacked Up,,61,50,24,94,0.093,0.595,26,1,90,141,171,156,60,4918,1.238,114,0.0366
Jade,,27,89,25,84,0.545,0.078,30,28,125,90,172,33,177,4858,0.586,73,0.0363
Jagger,,70,75,56,75,0.437,0.021,5,27,108,92,187,25,477,566,0.256,240,0.1211
Jah Kush,,34,86,34,77,0.576,0.321,21,29,119,124,140,143,174,1560,1.063,148,0.0125
Jamaican Dream,,22,93,66,88,0.766,0.668,1,16,82,113,174,98,149,3204,0.031,173,0.0545
Jamaican Pearl,,66,63,27,51,0.294,0.588,25,19,129,144,159,188,412,2684,1.199,97,0.1998
Japanese Cedar,,58,86,43,67,0.42,0.182,21,3,89,150,110,40,326,2956,0.615,138,0.0285
Jasmine,,43,52,47,50,0.238,0.264,30,4,110,147,116,243,467,3850,0.675,5,0.1259
Java,,28,70,65,64,0.926,0.147,3,27,86,113,171,242,233,3586,0.895,80,0.1759
Jealousy,,49,50,47,71,0.09,0.704,23,3,104,93,134,123,237,4480,0.073,174,0.0305
Jean Guy,,43,62,28,61,0.168,0.313,27,14,109,112,112,38,252,3436,0.016,172,0.0996
Jedi Flame,,36,59,45,59,0.261,0.54,3,26,102,147,116,188,198,4173,0.708,129,0.0010
Jedi Kush,,60,75,28,89,0.191,0.765,24,11,93,147,128,20,276,3238,1.261,145,0.0897
Jelly Bean,,38,51,60,79,0.432,0.139,6,10,105,113,151,96,333,1082,0.517,238,0.0296
Jelly Breath,,65,83,41,59,0.057,0.291,18,25,108,148,124,174,111,4496,0.199,210,0.1609
Jelly Donut,,51,78,26,58,0.522,0.293,18,24,116,119,175,43,396,613,1.031,136,0.1954
Jellyfish,,43,85,28,63,0.775,0.614,25,15,93,106,165,205,497,2269,0.703,147,0.0926
Jet Fuel,,31,75,39,78,0.021,0.72,2,5,93,102,181,25,469,4091,1.272,5,0.0530
Jet Fuel Gelato,,38,87,55,76,0.064,0.193,14,30,104,108,144,248,358,3373,1.723,213,0.1082
Jet Lag,,40,70,58,70,0.213,0.281,25,24,102,111,128,44,230,1453,1.401,223,0.1487
Jetpack Joyride,,36,67,27,64,0.817,0.244,12,6,116,115,194,237,379,3592,1.110,205,0.0300
JFK,,44,62,39,61,0.526,0.353,23,14,92,127,107,64,134,2121,0.372,144,0.0084
Jillybean,,26,68,25,53,0.486,0.704,9,23,98,143,145,31,220,4510,1.090,204,0.1728
Jimmy Neutron,,25,94,41,89,0.851,0.682,17,22,130,123,181,235,441,3152,1.218,71,0.1759
Joey’s Strain,,44,84,50,52,0.744,0.432,14,10,125,122,139,164,383,4291,1.170,209,0.1420
John Doe,,66,62,23,83,0.356,0.077,7,13,114,108,189,80,327,1420,0.613,49,0.1077
Johnny Blaze,,22,93,48,79,0.045,0.377,20,23,127,145,141,173,370,2772,1.327,220,0.1014
Johnny’s Tonic,,55,59,47,92,0.579,0.823,30,10,85,119,139,245,183,840,0.325,86,0.1114
Jorge’s Diamonds,,30,56,53,52,0.178,0.259,27,18,122,138,147,149,324,4948,0.448,228,0.1333
Juice Box,,51,88,63,60,0.882,0.683,29,21,118,123,180,181,394,1350,0.973,200,0.1843
Juicy Fruit,,37,70,54,77,0.973,0.826,19,11,99,121,124,243,327,4592,0.137,12,0.0778
Julius Caesar,,45,62,37,84,0.025,0.863,8,7,124,129,189,92,72,3468,1.357,245,0.1782
Jungle Cake,,63,57,39,52,0.191,0.816,6,16,88,122,189,139,403,3103,0.951,126,0.1033
Jupiter OG,,40,69,31,69,0.604,0.503,8,12,126,146,186,184,253,1303,0.155,97,0.0507
Kaboosh,,29,64,64,70,0.926,0.861,20,19,101,144,181,243,351,4174,1.293,30,0.0299
Kabul,,24,74,22,74,0.193,0.069,3,28,118,132,195,191,152,4375,1.222,170,0.1454
Kafir Kush,,24,54,34,59,0.443,0.141,23,17,101,110,148,85,477,3755,1.851,17,0.1920
Kalashnikova,,60,84,32,52,0.907,0.295,30,22,115,143,112,174,354,2628,0.667,48,0.0857
Kali Dog,,40,90,49,80,0.094,0.419,15,29,83,111,163,198,386,880,1.857,120,0.0085
Kali Mist,,65,63,60,87,0.389,0.076,20,14,118,144,137,223,51,1700,0.083,89,0.1026
Kali Snapple,,62,85,41,52,0.105,0.3,21,15,89,128,143,209,120,2989,1.326,213,0.1559
Kalishnikova,,67,56,21,87,0.565,0.772,8,11,110,90,192,198,189,3292,0.415,204,0.1018
Kandahar,,48,59,65,85,0.984,0.77,28,16,121,99,152,155,378,2965,1.507,243,0.0548
Kandy Kush,,51,94,26,62,0.93,0.29,30,18,122,116,100,70,338,1465,1.161,88,0.1026
Kansas City Kush,,42,67,27,74,0.61,0.975,30,17,116,106,105,25,461,4222,1.445,16,0.0298
Kaoz,,63,70,34,94,0.943,0.915,21,10,118,141,153,214,478,3495,1.918,187,0.1402
Karen’s Complaint,,51,72,32,53,0.628,0.914,16,18,115,128,117,145,42,3348,1.328,194,0.0257
Karibe Kush,,34,76,26,73,0.377,0.133,10,24,106,113,168,4,74,1388,0.982,216,0.0941
Kashmir,,44,58,45,73,0.34,0.554,28,20,92,118,199,25,361,4520,0.988,118,0.1058
Katsu,,26,74,24,63,0.752,0.313,16,6,83,135,121,179,29,640,0.530,80,0.0822
Katsu Bubba Kush,,66,66,62,95,0.124,0.036,19,14,86,117,150,159,371,3303,0.195,37,0.0242
Kaya,,62,83,62,57,0.299,0.668,23,14,86,135,104,177,175,4569,0.447,230,0.0858
Kaya’s Dream,,35,76,24,56,0.087,0.026,22,29,94,104,198,77,79,4022,1.358,225,0.0252
Keanu's Kush,,48,73,64,76,0.1,0.15,2,14,88,111,150,28,48,4195,0.400,169,0.1465
Kelly Hill Gold,,51,63,31,53,0.19,0.537,19,28,108,140,175,183,349,873,0.762,224,0.1176
Kevin Durant,,23,82,61,66,0.071,0.619,21,23,103,129,133,220,263,533,0.437,183,0.0994
Kevlar,,45,63,63,52,0.449,0.173,18,22,100,122,102,61,433,875,0.961,1,0.1068
Key Lime Pie,,66,95,40,57,0.013,0.388,17,5,95,104,200,93,98,2166,1.448,92,0.0606
Keyboard Warrior,,36,86,62,87,0.389,0.313,2,5,92,133,144,209,189,1506,1.842,162,0.1239
Keyser Söze,,36,77,56,91,0.627,0.924,15,20,127,123,149,32,133,1643,0.805,185,0.0166
Khalifa Kush,,49,66,21,84,0.796,0.398,5,28,91,121,195,85,258,4633,1.670,167,0.0474
Khola,,55,72,31,84,0.516,0.88,28,11,83,138,144,9,102,1886,0.251,120,0.0729
Kid n Play,,21,52,37,95,0.431,0.122,20,7,115,97,129,180,334,1801,0.833,19,0.1328
Kief,,52,75,48,86,0.067,0.494,23,18,99,97,123,195,28,2851,1.067,24,0.1667
Killer Grape,,56,60,65,61,0.502,0.105,22,27,100,107,195,125,217,3525,1.448,136,0.0237
Killer Queen,,68,93,42,74,0.981,0.827,24,9,98,98,159,246,30,4675,1.511,73,0.0764
Kimbo Slice,,34,81,36,57,0.032,0.519,19,6,111,129,133,16,302,2022,0.299,197,0.0873
King Bubba,,23,54,40,94,0.486,0.464,10,14,109,93,177,28,252,1673,0.140,192,0.0875
King Cobra,,68,93,20,92,0.34,0.7,4,3,110,95,185,41,343,1608,1.987,237,0.0957
King Kong,,24,88,23,95,0.088,0.623,22,27,83,134,192,48,437,3928,0.364,120,0.1934
King Louis XIII,,23,90,32,50,0.125,0.183,15,29,112,114,136,198,250,4638,1.802,129,0.0321
King’s Bread,,66,81,64,51,0.411,0.489,12,18,107,126,124,116,316,4309,1.250,43,0.1119
King’s Kush,,35,62,43,68,0.904,0.601,3,29,96,93,123,135,479,699,1.779,116,0.1562
King’s Ransom,,27,60,59,77,0.518,0.675,10,28,82,138,137,139,429,1388,1.039,181,0.1979
Kish,,20,58,23,58,0.171,0.174,29,30,118,91,186,136,169,2087,0.533,40,0.0361
Kiwiberry,,39,70,59,95,0.545,0.176,1,1,97,109,105,155,405,4659,1.561,121,0.0998
Klamath Falls,,54,79,37,60,0.871,0.521,10,12,129,131,175,228,122,4981,1.724,125,0.1853
Klaus,,22,66,35,52,0.735,0.039,10,27,96,138,113,177,183,592,0.490,8,0.1805
K-Light,,25,87,54,59,0.111,0.236,18,12,125,122,144,94,345,4562,1.453,162,0.1640
Knight Rider,,51,68,34,70,0.914,0.622,22,9,110,150,184,129,275,3114,1.073,82,0.1515
Knockout,,25,68,54,57,0.484,0.382,4,1,90,121,179,96,342,2022,0.958,146,0.0754
Koala,,35,53,48,94,0.56,0.436,3,26,92,93,185,32,181,2726,1.368,115,0.1922
Koala Kush,,29,57,21,66,0.964,0.666,17,11,120,136,195,124,263,2843,0.963,132,0.0443
Kobb,,47,81,59,69,0.128,0.047,6,9,91,120,189,70,412,2844,0.957,161,0.0848
Koma,,39,60,21,69,0.986,0.604,3,8,83,130,154,118,346,4591,1.653,107,0.1293
Kona,,28,76,61,54,0.572,0.541,28,24,96,99,126,89,129,2984,1.812,148,0.1570
Kona Gold,,70,86,52,64,0.299,0.057,7,30,119,122,123,18,120,1033,0.857,166,0.1577
Kong,,54,64,55,54,0.414,0.121,29,3,103,140,141,56,309,871,0.702,92,0.0992
Kool-Aid,,30,55,49,82,0.825,0.408,15,24,97,141,153,204,172,3216,1.469,76,0.1523
Korean,,23,59,53,59,0.304,0.814,2,23,100,104,136,21,144,3457,0.696,130,0.0015
Kosher Kush,,24,86,69,51,0.939,0.726,27,6,88,125,198,230,227,1802,0.057,44,0.1697
Krakatoa,,39,58,64,66,0.649,0.795,21,16,86,123,113,174,338,602,0.413,77,0.1166
Kryptonite,,55,90,21,52,0.759,0.053,27,28,87,140,136,45,227,2153,0.220,214,0.0299
K-Train,,51,91,63,51,0.708,0.147,19,22,85,121,198,54,177,3948,0.250,117,0.0885
Kurple Fantasy,,39,54,67,93,0.637,0.531,10,20,113,116,172,220,188,4795,1.084,52,0.1291
Kush Mints,,47,72,57,52,0.958,0.573,13,23,83,102,141,166,78,2029,1.312,35,0.0375
Kushberry,,23,66,69,66,0.291,0.324,3,23,115,112,131,230,389,4542,1.940,30,0.0536
LA Confidential,,61,61,56,71,0.237,0.507,2,4,85,128,126,129,395,2307,1.659,200,0.1619
Lamb's Bread,,30,56,46,81,0.478,0.494,10,19,112,129,139,232,191,833,1.131,152,0.0046
Laser Snail,,36,81,55,87,0.046,0.049,12,7,98,133,152,160,364,4618,1.241,208,0.0442
Lavender,,33,60,27,55,0.455,0.966,17,19,106,101,142,250,370,1081,1.258,135,0.1384
Legend OG,,68,73,61,94,0.344,0.761,2,14,106,118,165,124,466,4931,1.441,145,0.0035
Lemon Bean,,51,82,63,78,0.941,0.307,19,25,89,144,139,227,451,1956,0.876,87,0.0125
Lemon Butter,,29,61,63,73,0.084,0.436,24,28,92,132,127,55,92,3678,1.066,53,0.1227
Lemon Cherry Gelato,,40,57,39,89,0.412,0.538,5,5,102,125,165,26,186,1813,0.800,110,0.1326
Lemon Diesel,,45,61,70,70,0.463,0.635,28,13,105,121,160,54,96,2304,1.086,214,0.1899
Lemon Drop,,65,67,64,95,0.654,0.195,16,27,84,101,156,19,141,4282,0.080,107,0.0580
Lemon Grass,,59,94,60,59,0.213,0.048,20,17,106,91,116,29,406,4405,1.979,190,0.0184
Lemon Haze,,33,72,30,61,0.632,0.216,11,3,107,138,182,215,48,4759,0.975,109,0.1227
Lemon Meringue,,23,86,51,83,0.922,0.115,11,18,106,136,126,87,145,3409,0.642,59,0.1596
Lemon OG,,56,68,35,93,0.841,0.827,4,10,85,141,153,110,38,3133,1.529,54,0.0164
Lemon Skunk,,27,69,70,79,0.42,0.735,24,15,114,145,140,168,383,1758,1.890,113,0.0165
Lemon Tree,,22,50,62,65,0.373,0.797,17,13,87,110,166,85,145,2517,0.077,124,0.1176
Life Hack,,54,79,47,88,0.092,0.117,20,1,90,129,197,57,451,4844,0.083,129,0.0024
Lime Green Skunk,,62,56,56,51,0.661,0.644,18,27,113,117,134,128,358,1835,1.404,193,0.0120
Lime Mojito,,64,65,27,51,0.368,0.712,18,4,92,101,132,186,272,1278,0.729,217,0.1390
Lime Skunk,,43,67,21,66,0.014,0.745,4,17,104,94,173,127,53,842,1.080,52,0.0702
Liquid Cooling,,37,56,35,62,0.742,0.054,3,7,106,123,158,77,376,4533,0.703,106,0.1166
Liquid Gold,,32,71,32,90,0.962,0.841,25,2,102,103,189,57,435,3454,1.285,139,0.1250
Little Devil,,44,60,25,73,0.531,0.983,20,27,82,90,153,189,363,4758,0.327,134,0.1438
Loading Screen,,35,66,23,93,0.198,0.576,7,14,108,134,155,156,413,4366,0.397,200,0.0414
Lodi Dodi,,36,92,33,64,0.235,0.106,18,9,119,111,144,199,269,1082,1.057,157,0.1972
Lo-Fi Beats,,31,89,26,53,0.423,0.974,5,26,102,104,179,9,122,4279,1.111,171,0.1127
London Pound Cake,,20,67,63,79,0.987,0.172,27,10,102,117,113,46,492,1215,0.261,113,0.0787
Lootbox Lemon,,61,77,54,69,0.075,0.674,15,10,110,134,194,227,330,2525,0.710,131,0.1312
Low-Poly Pineapple,,29,78,22,79,0.065,0.928,25,12,129,111,141,204,185,1479,1.312,60,0.0031
Lucid Dream,,29,56,57,82,0.232,0.603,5,21,93,92,165,86,310,645,0.368,67,0.0380
M-39,,54,63,62,93,0.384,0.72,28,12,80,133,153,179,384,2272,1.159,79,0.0074
MAC 1 (Miracle Alien Cookies),,43,87,36,87,0.191,0.002,14,5,122,124,146,185,47,3847,0.595,186,0.1903
Mac Rib,,66,87,62,87,0.091,0.763,22,13,84,148,199,49,27,4141,1.882,209,0.0997
Mad Cow,,56,55,34,81,0.757,0.153,9,11,96,118,183,189,359,3919,1.668,191,0.1895
Madman OG,,23,80,61,86,0.304,0.837,17,24,111,142,171,249,44,1584,0.966,123,0.0636
Mafia Funeral,,39,61,59,81,0.901,0.316,30,1,127,139,110,174,497,826,0.620,93,0.0674
Magic Melon,,56,81,64,58,0.429,0.331,11,6,113,98,110,11,470,3623,0.059,54,0.0606
Mainframe Muffin,,52,71,39,82,0.064,0.824,23,14,103,123,163,179,352,4499,0.026,123,0.0143
Mango Kush,,54,70,31,65,0.149,0.75,9,8,92,136,135,98,421,3611,0.564,100,0.0592
Mango Tango,,40,53,22,55,0.724,0.831,6,10,91,124,190,189,37,1418,0.180,196,0.1061
Maniac OG,,42,69,30,92,0.709,0.709,8,14,96,104,161,81,331,1482,1.261,192,0.0261
Marilyn Monroe,,66,84,64,58,0.5,0.77,27,19,108,112,177,48,451,4678,0.448,156,0.0121
Mars OG,,29,51,34,69,0.905,0.444,4,21,86,97,157,71,292,2862,1.005,30,0.0512
Master Kush,,26,88,21,62,0.997,0.966,29,8,83,132,169,202,482,3377,0.071,231,0.1495
Maui Wowie,,44,63,30,70,0.028,0.103,19,6,128,104,110,54,41,2713,1.824,150,0.1501
Meatbreath,,49,91,63,80,0.371,0.464,19,28,91,144,172,241,208,2895,1.394,192,0.1450
Mecha-Melon,,70,88,37,86,0.699,0.075,20,2,120,149,118,207,196,2709,1.104,68,0.1425
Medellin,,56,88,21,76,0.918,0.725,22,23,81,116,185,198,454,3110,0.988,161,0.1861
Medicino Purps,,62,65,51,58,0.081,0.756,6,25,112,125,196,66,95,2200,0.151,188,0.0999
Mellonheadz,,49,67,36,51,0.858,0.278,16,5,102,146,182,73,374,1499,0.566,135,0.0736
Melonade,,55,92,61,90,0.316,0.221,15,15,123,100,150,223,170,2364,1.947,208,0.1286
Meme Lord Kush,,64,64,31,51,0.913,0.09,21,22,80,123,151,157,84,4432,0.915,70,0.1968
Mendo Breath,,66,82,48,63,0.89,0.203,25,3,88,147,184,179,404,4639,0.163,172,0.1626
Metaverse Mist,,36,95,40,51,0.13,0.127,9,7,101,145,194,160,418,1206,1.838,18,0.0133
Micro-Transaction,,35,80,32,56,0.829,0.068,16,15,99,136,118,102,64,2050,0.749,217,0.1223
Mimosa,,47,94,21,50,0.587,0.579,23,24,92,99,199,218,411,3321,0.767,211,0.0499
Mint Chocolate Chip,,34,83,63,59,0.005,0.148,22,7,103,137,182,171,459,3745,1.787,163,0.1173
Moon Drops,,67,83,38,95,0.535,0.899,30,24,96,136,127,162,469,3389,0.897,148,0.0877
Moonbeam,,30,53,70,73,0.174,0.325,21,16,87,90,151,153,295,2732,1.581,211,0.1454
Moonwalker Kush,,29,76,39,54,0.024,0.277,16,18,109,128,108,49,403,3882,0.905,219,0.0492
Motherboard Mary,,46,76,23,69,0.65,0.472,1,13,111,97,169,64,370,2159,1.711,153,0.0492
Motorbreath,,69,62,36,68,0.357,0.24,27,6,92,108,196,194,328,4307,1.384,209,0.0301
Mt. Cook,,44,85,20,76,0.848,0.893,28,23,112,93,134,88,241,3929,0.225,197,0.1794
Nanobot Night,,48,63,33,61,0.348,0.548,27,13,104,123,139,91,346,1035,1.251,46,0.0183
Neon Noir,,29,58,64,79,0.67,0.259,3,24,114,137,197,241,112,1067,0.046,173,0.1939
Neuralink OG,,59,54,20,58,0.539,0.679,15,12,122,93,113,175,492,1491,1.590,80,0.0131
Neville's Haze,,58,78,67,66,0.153,0.932,15,5,91,105,196,27,327,1014,0.411,25,0.1290
New York City Diesel,,63,83,46,67,0.501,0.238,9,9,82,128,200,201,292,3948,0.088,216,0.1525
Night Terror OG,,62,77,36,78,0.328,0.229,23,27,83,112,122,193,416,4829,0.430,84,0.0317
Ninja Fruit,,49,72,56,64,0.036,0.527,12,6,98,128,147,218,213,4450,0.248,29,0.1761
Non-Fungible Flower,,23,64,49,54,0.509,0.943,26,26,87,132,198,134,304,1683,0.959,40,0.1580
Northern Lights,,56,68,20,57,0.319,0.44,8,17,104,99,102,67,177,605,1.908,159,0.1959
No-Scope,,24,52,26,90,0.329,0.943,13,6,117,136,125,107,408,3335,0.546,96,0.0423
Nuken,,56,65,41,54,0.763,0.591,8,26,121,102,109,238,285,3833,1.516,33,0.0276
OG Kush,,43,77,66,63,0.946,0.292,26,13,88,117,151,102,92,4772,0.099,51,0.1693
Ogre,,24,67,63,82,0.663,0.14,4,29,117,111,132,141,229,1878,0.671,227,0.1152
Orange Blossom,,60,85,49,85,0.571,0.509,1,20,81,94,145,208,90,2126,1.483,58,0.0240
Orange Bud,,55,88,55,77,0.377,0.079,8,21,123,106,136,241,461,705,1.322,79,0.0874
Orange Creamsicle,,69,65,60,54,0.958,0.664,2,20,114,137,159,145,380,1202,1.489,115,0.1185
Orange Kush,,38,53,25,60,0.503,0.172,24,5,81,145,127,97,466,3678,1.625,123,0.0048
Orange Velvet,,67,83,40,80,0.147,0.303,3,14,113,107,151,244,131,919,1.937,200,0.0208
Overclocked OG,,36,50,37,85,0.58,0.846,26,11,100,105,123,14,102,2400,1.681,15,0.1582
P-91,,59,65,62,84,0.165,0.733,29,24,118,141,118,199,391,2196,1.801,79,0.0086
Pacific Blue,,37,89,69,52,0.56,0.019,17,26,107,123,117,44,420,4616,1.314,53,0.0414
Pancake Ice,,59,71,39,67,0.448,0.71,4,26,82,91,124,208,499,1741,1.259,108,0.0617
Pancakes,,46,55,65,80,0.705,0.531,15,21,106,97,103,25,193,1702,0.115,223,0.0508
Papaya,,23,68,27,88,0.84,0.617,1,18,96,137,140,24,121,2331,1.224,161,0.0715
Papaya Cake,,27,59,58,95,0.262,0.301,27,17,128,144,128,73,448,2832,1.960,158,0.1124
Paris OG,,30,60,47,69,0.162,0.997,3,1,94,93,129,20,500,1352,0.626,137,0.1177
Peaches and Cream,,51,68,52,95,0.433,0.367,10,28,93,132,200,28,328,4790,1.199,10,0.0187
Peanut Butter Breath,,47,80,43,84,0.518,0.311,1,9,126,108,148,250,479,4220,0.163,51,0.0272
Pennywise,,70,70,68,65,0.479,0.288,4,23,121,92,194,31,158,2014,0.988,192,0.0831
Pepe the Purple,,43,51,61,63,0.138,0.64,11,24,81,137,134,106,137,3228,0.878,175,0.1746
Permafrost,,53,60,43,56,0.736,0.793,29,14,122,97,148,170,154,1039,0.847,73,0.1158
Phantom Cookies,,46,78,24,58,0.383,0.559,25,18,116,139,150,28,31,847,1.094,101,0.1798
Pineapple,,33,94,47,90,0.294,0.586,5,8,115,114,192,181,278,3996,0.578,9,0.0984
Pineapple Chunk,,41,78,63,74,0.488,0.931,26,10,87,144,149,22,86,3466,1.436,201,0.1579
Pineapple Express,,26,73,33,55,0.06,0.277,15,23,121,124,139,93,290,4100,1.442,18,0.1796
Pineapple Kush,,23,74,32,73,0.355,0.019,18,3,87,103,118,92,225,1264,1.982,24,0.1040
Pink Champagne,,43,76,22,77,0.881,0.458,10,23,86,113,115,116,25,865,0.220,7,0.1170
Pink Cookies,,21,60,42,87,0.484,0.705,18,9,89,118,195,165,249,4649,0.536,60,0.1599
Pink Kush,,37,56,58,57,0.995,0.949,29,20,113,115,182,60,469,2870,1.307,13,0.1670
Pink Runtz,,68,83,62,67,0.663,0.11,4,5,94,104,178,145,63,1777,1.664,55,0.1110
Pixelated Peach,,37,65,35,79,0.938,0.7,18,16,109,146,152,44,271,3017,1.757,158,0.1203
Plasma Punch,,41,56,30,51,0.928,0.329,23,4,100,133,137,138,111,4617,0.624,123,0.1357
Platypus Kush,,41,64,20,69,0.994,0.137,10,11,130,116,160,240,416,2992,0.697,75,0.1025
Plum Crazy,,47,87,48,84,0.653,0.823,26,24,105,127,196,194,201,1527,1.375,89,0.0977
Pluto OG,,56,51,59,53,0.489,0.232,15,18,80,112,182,88,421,4049,1.209,170,0.0939
Pork Chop,,27,53,31,88,0.687,0.641,29,26,82,129,148,54,241,1340,0.552,14,0.0551
Power Plant,,69,87,49,56,0.253,0.425,2,27,126,90,163,66,353,1163,1.312,56,0.0755
Pre-98 Bubba Kush,,59,54,56,90,0.395,0.127,13,16,109,146,136,47,260,1580,1.443,27,0.1015
Presidential OG,,28,71,29,86,0.248,0.667,24,9,106,103,168,27,500,4811,0.444,128,0.1909
Primal Scream,,33,62,67,79,0.003,0.149,28,8,80,95,118,5,109,2430,0.107,46,0.1735
Project 4516,,58,92,35,78,0.832,0.221,13,25,127,131,165,13,220,922,0.248,211,0.1805
Proxy Purple,,22,71,21,85,0.366,0.926,7,26,105,119,148,199,253,4970,0.788,236,0.0021
Pulsar,,70,58,64,64,0.804,0.987,27,28,92,134,200,242,115,3700,0.981,11,0.0741
Pure Power Plant,,64,74,70,90,0.006,0.57,25,5,95,93,167,31,119,1871,0.657,51,0.1042
Purple Haze,,37,54,28,85,0.131,0.766,21,23,129,117,180,114,295,4267,0.831,74,0.0760
Purple Punch,,48,76,42,85,0.878,0.135,29,17,86,103,176,92,271,4925,0.963,164,0.0793
Purple Urkle,,49,76,54,70,0.167,0.138,14,28,130,146,135,170,384,2446,1.622,120,0.1853
Qrazy Train,,62,94,51,84,0.362,0.487,20,3,109,93,182,164,482,3560,1.748,72,0.0635
Quantum Kush,,20,83,42,76,0.425,0.038,18,30,111,109,168,210,446,4575,0.589,4,0.0867
Quantum Quack,,27,61,35,91,0.466,0.166,20,18,104,104,159,147,318,719,0.275,89,0.1480
Quattro OG,,59,69,23,52,0.78,0.285,25,9,84,136,199,175,368,4734,1.788,19,0.1774
Querkle,,35,54,33,76,0.475,0.594,17,4,100,108,150,77,435,4676,0.961,237,0.0419
Rainbow Belts,,62,52,39,58,0.176,0.594,12,7,116,112,162,232,210,4952,1.886,28,0.0735
Rainbow Chips,,61,50,45,63,0.794,0.616,18,2,123,102,115,233,72,4832,0.317,37,0.0203
Ratio’d,,55,74,30,74,0.766,0.594,24,22,114,114,157,45,253,953,0.401,168,0.0825
Red Dragon,,36,89,49,81,0.778,0.16,18,3,117,103,129,226,281,3965,0.936,42,0.1768
Red Headed Stranger,,69,69,42,87,0.887,0.255,19,26,120,128,193,157,264,1970,0.777,52,0.0291
Red Velvet,,33,94,31,95,0.156,0.731,17,2,125,133,151,139,260,2023,1.966,249,0.1210
Red Widow,,42,94,36,75,0.874,0.329,2,17,115,106,138,62,369,2433,0.269,216,0.1160
Rene,,48,77,56,72,0.849,0.829,19,8,105,121,177,69,220,1762,1.007,107,0.0112
Replicant Runtz,,25,63,63,59,0.716,0.212,22,2,111,96,142,40,159,2403,1.309,203,0.0424
Rickroll Haze,,51,68,60,93,0.916,0.125,25,5,98,93,122,92,451,2030,0.679,238,0.1864
Ripped Bubba,,47,80,21,61,0.916,0.159,4,25,129,146,134,113,27,2088,0.350,209,0.0065
RNGesus,,61,59,59,71,0.035,0.272,25,2,92,99,141,178,117,4066,1.560,15,0.0473
Road Kill Skunk,,70,60,64,95,0.422,0.843,25,9,84,104,157,139,207,1188,0.617,58,0.0267
Robin Hood,,36,82,61,54,0.472,0.634,9,9,113,123,176,44,66,3491,1.813,26,0.0966
Robo-Runtz,,51,89,64,94,0.101,0.528,24,16,116,133,160,75,67,2533,0.684,180,0.1569
Rockstar,,43,91,63,73,0.144,0.445,28,19,102,108,112,96,465,4569,1.745,195,0.0008
Roli Kali Mist,,56,94,54,63,0.702,0.804,3,2,116,149,155,249,395,4092,1.769,110,0.0336
Romulan,,21,53,23,64,0.136,0.995,12,8,97,110,131,66,98,3594,0.778,196,0.0053
Royal Cookies,,41,75,48,87,0.444,0.61,3,16,89,140,112,241,128,678,1.550,149,0.0455
Royal Gorilla,,46,77,44,68,0.812,0.313,27,7,103,126,161,229,333,3388,1.125,245,0.1109
Royal Highness,,67,90,66,79,0.945,0.169,10,25,110,136,172,166,460,901,1.971,146,0.0257
Runtz,,44,76,27,70,0.423,0.227,6,8,93,114,197,107,460,2138,0.675,181,0.0671
SAGE,,55,91,58,95,0.496,0.246,19,23,109,129,179,51,100,3193,0.289,27,0.1097
Sage N Sour,,64,63,41,88,0.908,0.443,23,7,101,120,193,95,197,4494,1.199,177,0.1432
Samoas,,39,62,53,95,0.052,0.081,9,17,122,124,146,167,79,1138,0.399,42,0.1639
San Fernando Valley OG,,53,53,21,67,0.571,0.941,10,16,116,93,132,32,170,4218,1.794,195,0.1821
Satellite Skunk,,31,54,25,89,0.683,0.147,16,16,116,97,182,192,370,3690,1.278,123,0.0099
Saturn OG,,22,78,54,73,0.088,0.618,25,13,92,135,105,83,375,2400,1.120,109,0.1517
Schrom,,23,94,48,57,0.088,0.618,12,10,128,92,190,101,121,1045,0.203,217,0.1476
Scotty 2 Hotty,,43,80,50,61,0.799,0.899,30,1,115,136,164,70,311,817,0.794,137,0.1905
Sensistar,,69,68,37,51,0.131,0.609,30,12,109,149,101,32,373,4116,1.697,191,0.1528
Sentience,,70,77,53,63,0.586,0.079,9,28,114,90,143,60,345,3065,0.370,60,0.1038
Seven Stars,,33,68,54,93,0.584,0.203,6,10,109,124,168,19,489,4070,0.788,144,0.0407
Sharksbreath,,45,62,26,55,0.323,0.624,5,5,121,117,104,26,335,2911,1.111,36,0.0086
Sherbet,,58,64,38,89,0.944,0.902,12,11,128,94,147,145,341,3077,0.780,209,0.0964
Sherblato,,32,83,30,58,0.232,0.41,29,24,108,123,128,42,468,4851,0.194,71,0.1004
Shiatsu Kush,,56,82,38,91,0.691,0.406,21,2,103,111,102,218,90,1916,0.627,204,0.0705
Shining Silver Haze,,29,87,60,94,0.701,0.329,8,19,95,109,118,167,165,2273,1.048,68,0.1969
Shishkaberry,,27,65,45,94,0.289,0.624,15,30,129,121,116,13,483,1019,1.795,196,0.1808
Shoreline,,70,58,24,54,0.58,0.565,21,16,106,109,151,190,306,1562,1.803,104,0.0008
Silicon Soul,,65,54,39,73,0.155,0.877,18,21,126,133,167,112,407,4420,0.548,232,0.0912
Silky Johnson,,35,67,37,72,0.907,0.425,27,4,91,134,120,9,183,3437,1.276,12,0.0564
Silver Hawk,,59,72,56,60,0.845,0.728,7,13,104,100,196,82,498,3497,1.172,95,0.0988
Silver Pearl,,26,90,41,61,0.876,0.965,18,27,104,147,132,187,306,2909,1.643,19,0.1786
Simp Sativa,,40,60,34,70,0.073,0.608,17,18,106,139,123,121,249,1083,0.306,100,0.1206
SinMint Cookies,,43,59,22,63,0.518,0.151,26,30,129,98,190,122,272,2295,1.346,222,0.1449
Skunk #1,,22,67,37,54,0.615,0.428,23,10,122,111,140,5,139,1959,0.223,170,0.1463
Skynet Sativa,,24,71,31,51,0.625,0.146,28,2,111,147,105,96,378,2848,0.984,70,0.1843
Skywalker OG,,31,63,29,70,0.315,0.452,10,21,126,106,171,79,207,3639,1.041,230,0.1523
Sleeper OG,,68,71,70,94,0.1,0.002,10,21,88,94,127,198,485,1221,1.062,3,0.0884
Slymer,,69,79,67,68,0.632,0.503,6,8,128,96,117,242,473,810,0.545,30,0.1418
Smart Contract,,66,58,55,82,0.198,0.086,13,13,114,110,101,196,88,3652,0.836,80,0.0536
Smarties,,40,76,24,87,0.27,0.057,1,10,105,119,200,180,420,1329,1.183,187,0.1893
Snow Dog,,22,87,64,62,0.281,0.68,12,14,113,108,174,238,499,4651,1.331,19,0.0783
Snowcap,,62,65,51,61,0.432,0.165,30,21,122,136,168,52,267,1586,1.301,68,0.0462
Solid State Sour,,64,63,35,51,0.858,0.718,27,11,105,124,195,35,186,533,1.471,244,0.0487
Sour Apple,,51,65,25,67,0.518,0.579,1,3,123,95,144,103,364,3419,0.833,126,0.1620
Sour Banana Sherbet,,39,81,55,82,0.719,0.786,2,21,93,106,139,61,397,2507,1.952,131,0.1933
Sour Boggle,,30,64,24,92,0.783,0.386,25,17,116,137,110,234,246,4490,1.905,52,0.1633
Sour Diesel,,46,90,35,66,0.076,0.918,26,29,94,122,143,232,125,4770,0.482,157,0.1754
Sour Joker,,58,95,49,87,0.427,0.375,10,22,113,99,137,12,424,1030,1.527,55,0.0977
Sour Kush,,27,50,66,95,0.242,0.834,28,30,88,104,146,65,27,2536,0.089,51,0.0314
Sour Larry,,67,51,35,76,0.994,0.04,22,2,110,110,188,155,336,1019,1.663,217,0.1506
Sour Maui,,27,90,28,95,0.14,0.485,21,14,111,106,145,48,439,1885,0.768,78,0.1200
Sour OG,,48,58,46,68,0.376,0.12,15,30,102,135,111,175,290,1752,0.816,5,0.1787
Sour Tangie,,33,63,27,55,0.767,0.159,21,26,104,123,118,155,115,577,1.626,46,0.0440
Sour Tsunami,,58,58,27,72,0.684,0.016,21,14,89,100,151,59,215,4664,0.700,201,0.0895
Space Cake,,31,75,64,51,0.229,0.864,12,11,113,148,137,66,221,4656,1.478,2,0.1962
Space Queen,,33,59,46,74,0.637,0.679,18,12,87,120,182,40,488,2217,1.056,217,0.1471
Spacedawg,,21,88,20,83,0.93,0.064,13,5,93,145,176,187,82,3253,0.255,167,0.0507
SpaceX Skunk,,23,62,34,60,0.135,0.408,11,17,92,97,156,188,81,1105,1.881,47,0.1461
Spam Filter,,51,55,59,70,0.166,0.258,14,23,117,146,133,200,185,3396,1.354,76,0.1268
Special K,,69,69,21,90,0.076,0.823,6,8,99,130,150,129,266,4259,0.885,213,0.0753
Spongebob Squarebud,,68,56,42,87,0.83,0.438,30,2,88,143,124,54,207,1635,0.240,205,0.1536
Star Killer,,64,86,41,79,0.77,0.04,2,10,113,137,125,224,338,3656,0.622,78,0.1433
Star Pebbles,,39,68,69,85,0.141,0.75,5,3,83,97,121,247,98,3019,1.004,25,0.0258
Stardawg,,22,84,45,55,0.748,0.438,14,11,125,120,161,176,364,3400,1.809,248,0.1027
Starfighter,,23,84,70,82,0.993,0.267,25,2,105,92,160,206,96,2566,0.905,51,0.1736
Stealth Mode,,69,66,40,84,0.669,0.878,20,15,125,93,138,134,408,1723,0.199,105,0.0870
Stella Blue,,31,71,56,90,0.706,0.748,16,10,126,142,183,106,370,1869,0.986,233,0.0016
Sticky Buns,,33,76,55,94,0.025,0.465,22,12,93,99,154,135,51,4710,1.336,68,0.1419
Strawberry Banana,,20,73,33,55,0.951,0.639,22,5,120,101,188,7,111,2240,1.379,242,0.1494
Strawberry Cannoli,,23,54,59,83,0.608,0.749,12,17,115,147,146,58,450,4121,0.775,232,0.1109
Strawberry Cough,,52,70,49,62,0.832,0.947,1,7,122,126,186,36,225,4990,1.414,68,0.0416
Strawberry Fields,,60,69,24,66,0.417,0.032,2,20,96,94,192,123,470,3844,0.500,47,0.0826
Strawberry Ice,,52,52,51,87,0.69,0.333,10,8,118,93,169,29,405,1440,0.216,178,0.1458
Strawberry Shortcake,,65,69,63,50,0.135,0.719,15,23,88,126,117,139,294,1243,0.456,126,0.0037
Sugar Black Rose,,46,77,33,92,0.493,0.378,22,11,89,147,104,35,342,1831,1.867,69,0.0659
Sugar Cookies,,67,59,27,59,0.442,0.151,3,1,114,129,189,163,287,688,1.931,34,0.1026
Sundae Driver,,47,50,44,66,0.01,0.049,28,29,105,110,135,124,345,4166,1.158,3,0.0748
Sunset Sherbet,,49,63,36,64,0.565,0.621,29,23,122,127,115,42,223,4561,1.419,137,0.0956
Super Boof,,37,89,67,51,0.636,0.625,12,8,90,98,109,220,35,1489,1.866,37,0.0762
Super Glue,,58,80,38,74,0.773,0.886,23,4,113,133,153,110,93,592,1.329,82,0.1843
Super Lemon Haze,,66,83,22,58,0.181,0.388,30,30,120,123,113,231,414,2219,1.435,215,0.0974
Super Silver Haze,,63,79,63,80,0.266,0.591,13,23,128,124,179,86,453,3490,0.260,217,0.1673
Super Skunk,,49,95,38,76,0.88,0.144,5,19,121,117,146,147,123,3745,1.640,80,0.1035
Super Sour Diesel,,46,57,20,63,0.464,0.593,28,28,110,106,142,43,216,1531,1.741,158,0.0367
Supernatural,,51,67,24,78,0.238,0.418,12,30,119,100,192,105,479,1534,1.978,163,0.0113
Sweet Tooth,,27,75,54,77,0.909,0.447,8,5,107,119,137,114,329,4601,1.463,11,0.0532
Synthwave Sour,,57,87,68,52,0.596,0.143,1,3,100,95,153,39,483,1271,0.261,246,0.0435
System Override,,45,50,56,85,0.244,0.019,11,2,118,135,136,99,383,4035,1.619,62,0.0104
Tactical Turtle,,47,71,40,53,0.214,0.684,21,11,129,109,179,82,137,2174,1.963,118,0.0608
Tangerine Dream,,23,54,59,78,0.066,0.444,11,4,127,125,176,242,375,1529,1.482,7,0.1738
Tangerine Power,,70,90,41,91,0.224,0.094,6,23,114,116,188,146,120,2027,0.850,208,0.1005
Tangie,,22,94,55,66,0.371,0.467,9,25,115,107,197,28,40,3225,0.236,116,0.1356
Tesla Coil,,37,88,65,80,0.322,0.607,25,19,90,132,123,177,52,1921,0.698,126,0.1958
The Black,,65,86,54,84,0.97,0.159,12,28,115,117,171,218,296,3666,1.049,103,0.1810
The Sauce,,22,59,55,82,0.315,0.866,18,8,111,102,172,162,428,4109,0.595,137,0.0090
The Singularity,,65,83,47,57,0.797,0.064,11,3,101,120,155,85,77,572,0.518,236,0.0811
The White,,52,92,37,81,0.24,0.058,14,13,110,94,127,125,364,2656,1.723,48,0.0333
Thin Mint Crack,,69,84,40,63,0.631,0.582,22,11,88,93,161,98,63,3060,1.582,163,0.0191
Thin Mint GSC,,52,89,33,56,0.315,0.991,3,30,86,133,179,206,94,4836,1.275,249,0.0732
Tiki Cookies,,52,95,33,69,0.658,0.345,13,17,127,123,145,234,371,3702,1.498,91,0.1712
Time Wreck,,24,63,38,69,0.64,0.805,14,29,114,108,184,59,477,1674,1.371,51,0.1491
Tin Man,,29,51,36,81,0.878,0.751,8,15,127,91,185,106,180,3758,1.957,78,0.0462
Titanium Teeth,,40,80,30,68,0.158,0.196,8,23,81,128,176,243,118,3472,1.794,139,0.1025
TNT Kush,,21,55,54,87,0.668,0.817,3,28,109,133,149,100,281,844,0.634,153,0.0896
Tom Ford Pink Kush,,30,87,29,93,0.609,0.833,15,10,92,107,194,151,306,4048,0.948,37,0.0242
Toxic Waste,,29,88,59,69,0.843,0.199,20,24,82,96,122,79,338,759,0.241,120,0.1551
Trainwreck,,27,87,59,88,0.31,0.979,30,27,126,124,153,100,268,1149,0.119,67,0.0828
Triple Diesel,,27,82,64,82,0.701,0.721,12,26,80,98,146,35,132,2091,0.107,104,0.1581
Trollface OG,,38,88,62,64,0.63,0.37,21,13,95,146,188,103,288,3573,0.706,38,0.1976
Tropicanna Cookies,,66,93,65,55,0.056,0.469,1,11,86,127,151,170,212,4145,1.280,193,0.1917
Tsunami,,59,94,23,69,0.347,0.624,25,28,81,109,127,172,273,4700,0.894,26,0.0080
Tuna Kush,,30,74,62,55,0.759,0.723,19,27,115,114,142,180,339,3357,1.402,0,0.1079
Turbo Diesel,,29,90,69,70,0.839,0.23,15,13,108,115,181,109,350,2876,1.758,81,0.0286
Turing Test,,41,92,52,87,0.171,0.622,3,5,93,140,179,114,240,1561,1.740,216,0.0725
Tutankhamon,,69,91,21,72,0.092,0.597,7,1,81,146,193,221,194,4800,1.538,20,0.0546
UBC Chemo,,57,93,64,59,0.098,0.152,20,6,112,90,104,218,44,1251,0.990,132,0.1467
Ultraviolet,,38,63,42,59,0.89,0.049,16,7,86,126,147,86,448,2773,1.596,84,0.1432
Uncle Andy,,24,64,32,56,0.659,0.906,17,24,123,146,111,206,251,841,0.805,73,0.1195
Underdog OG,,53,91,33,79,0.984,0.297,13,5,108,132,119,249,438,1696,1.156,155,0.0954
Unknown Prophet,,25,87,33,74,0.334,0.355,17,30,90,108,178,77,376,3206,1.241,242,0.1131
Utopia Haze,,52,93,41,64,0.449,0.947,16,13,114,142,167,227,169,3692,1.800,106,0.0874
Vader OG,,57,79,42,72,0.87,0.942,19,12,109,131,171,102,407,2512,0.650,211,0.1379
Vanilla Custard,,51,83,49,53,0.905,0.63,21,19,104,113,153,119,464,1358,0.367,248,0.0278
Vaporwave Velvet,,26,88,52,50,0.792,0.363,30,18,80,96,151,206,365,4423,1.012,220,0.0776
Vector Velvet,,64,92,49,80,0.272,0.786,24,3,93,124,175,67,464,2430,0.955,47,0.0697
Velvet Glove,,24,66,38,93,0.144,0.389,21,22,110,127,167,131,217,879,0.152,97,0.1485
Venom OG,,62,69,59,90,0.04,0.551,3,29,115,139,199,166,383,1562,0.075,116,0.1197
Virtual Insanity,,44,74,47,55,0.436,0.125,17,16,118,150,180,41,245,2876,0.548,174,0.0393
Voodoo,,42,92,64,92,0.38,0.914,6,10,94,109,185,211,407,1621,0.512,43,0.0428
Vortex,,35,90,28,55,0.893,0.819,28,26,113,125,133,227,311,1121,1.978,17,0.0287
Waffle Cone,,60,70,60,75,0.872,0.523,1,27,81,106,137,3,302,3283,1.870,235,0.0368
Wappa,,22,85,55,59,0.69,0.798,8,18,128,113,192,210,224,2000,0.491,200,0.1136
Watermelon,,43,90,48,67,0.775,0.586,26,10,125,94,141,69,485,3597,1.012,211,0.1371
Watermelon Gelato,,65,60,70,59,0.924,0.007,17,3,104,94,144,32,95,2611,0.534,168,0.1703
Watermelon Zkittlez,,39,57,54,80,0.777,0.601,23,17,106,92,106,18,365,515,1.649,151,0.1942
Wedding Cake,,49,88,51,62,0.443,0.091,24,28,107,93,100,92,313,4480,1.590,168,0.1020
Wedding Crasher,,39,69,44,63,0.183,0.59,20,27,104,135,147,129,495,4954,1.655,222,0.1469
West Coast OG,,45,61,25,87,0.511,0.075,1,24,109,123,188,21,368,3303,0.156,169,0.0791
White Buffalo,,63,73,57,75,0.193,0.023,8,3,89,135,165,93,427,709,1.743,192,0.0777
White Fire OG,,28,72,28,57,0.893,0.281,3,17,89,111,186,143,395,3303,0.376,178,0.1018
White Gold,,31,52,29,75,0.226,0.749,10,15,88,113,123,15,145,843,0.545,25,0.1240
White Rhino,,42,76,61,76,0.938,0.711,20,8,123,91,187,84,243,2199,1.887,228,0.1808
White Runtz,,42,71,67,61,0.479,0.319,28,15,95,126,107,169,261,2873,0.148,204,0.0760
White Siberian,,26,74,34,82,0.209,0.442,18,26,128,143,179,149,98,2368,1.877,141,0.1508
White Tahoe OG,,45,80,24,54,0.618,0.521,20,13,87,147,155,107,452,3348,0.434,199,0.0166
White Urkle,,29,62,62,90,0.054,0.259,18,17,111,96,178,239,235,3119,0.798,110,0.0599
White Widow,,39,57,68,52,0.4,0.371,24,8,118,147,195,205,261,3146,0.624,142,0.0754
Wild Cherry,,43,62,68,57,0.592,0.948,21,3,83,140,139,24,400,1197,0.969,17,0.0946
Willie Nelson,,65,90,33,90,0.547,0.075,5,9,92,101,125,246,500,4036,0.363,107,0.1326
Wojak White,,23,74,37,79,0.005,0.314,13,25,82,141,106,90,476,3891,0.737,205,0.0621
Wookies,,22,50,37,59,0.807,0.099,1,21,84,100,198,130,461,3241,1.621,13,0.0863
Wreckage,,37,68,33,68,0.512,0.349,24,22,120,118,165,55,388,4841,1.579,111,0.0041
XJ-13,,45,75,61,51,0.303,0.297,21,4,115,119,169,214,317,4874,1.734,202,0.1057
Y Griega,,44,50,46,83,0.993,0.548,26,24,124,105,122,87,285,560,0.266,124,0.1950
Yellow Cab,,58,64,63,52,0.176,0.559,1,26,119,145,152,136,413,693,0.344,33,0.1231
Yeti OG,,59,61,20,56,0.885,0.858,30,10,86,146,159,231,389,2032,0.890,249,0.1056
Yoda OG,,38,52,35,80,0.291,0.359,3,18,116,147,187,188,79,2942,0.986,158,0.1789
YOLO Kush,,50,77,49,64,0.326,0.952,29,9,95,107,186,235,63,2723,0.442,29,0.0717
Zkittlez,,61,81,60,87,0.409,0.644,12,10,114,131,178,195,218,4500,0.925,151,0.1849
Zombie Kush,,56,61,49,53,0.989,0.33,12,20,82,130,117,16,56,2680,0.596,176,0.1238
Zoo Cookies,,59,,42,71,0.139,0.286,22,28,128,140,130,19,389,815,1.894,207,0.1391
